"Date & Time","Use [kW]","Gen [kW]","Grid [kW]","Solar [kW]"
2012-04-17 23:59,1.025400000,-0.001883333,1.027283333,-0.001883333
2012-04-17 23:58,0.981600000,-0.001883333,0.983483333,-0.001883333
2012-04-17 23:57,0.959416667,-0.001866667,0.961283333,-0.001866667
2012-04-17 23:56,0.959083333,-0.001933333,0.961016667,-0.001933333
2012-04-17 23:55,1.542016667,-0.000450000,1.542466667,-0.000450000
2012-04-17 23:54,1.149183333,-0.001333333,1.150516667,-0.001333333
2012-04-17 23:53,0.958716667,-0.001833333,0.960550000,-0.001833333
2012-04-17 23:52,0.959350000,-0.001750000,0.961100000,-0.001750000
2012-04-17 23:51,0.959000000,-0.001716667,0.960716667,-0.001716667
2012-04-17 23:50,1.006133333,-0.001683333,1.007816667,-0.001683333
2012-04-17 23:49,1.030600000,-0.001683333,1.032283333,-0.001683333
2012-04-17 23:48,1.030300000,-0.001716667,1.032016667,-0.001716667
2012-04-17 23:47,1.035916667,-0.001716667,1.037633333,-0.001716667
2012-04-17 23:46,1.102333333,-0.001766667,1.104100000,-0.001766667
2012-04-17 23:45,1.062766667,-0.001900000,1.064666667,-0.001900000
2012-04-17 23:44,1.068983333,-0.001783333,1.070766667,-0.001783333
2012-04-17 23:43,1.063733333,-0.001833333,1.065566667,-0.001833333
2012-04-17 23:42,1.064500000,-0.001866667,1.066366667,-0.001866667
2012-04-17 23:41,1.068000000,-0.001916667,1.069916667,-0.001916667
2012-04-17 23:40,1.063933333,-0.001983333,1.065916667,-0.001983333
2012-04-17 23:39,1.064133333,-0.001950000,1.066083333,-0.001950000
2012-04-17 23:38,1.064800000,-0.002000000,1.066800000,-0.002000000
2012-04-17 23:37,1.065116667,-0.001966667,1.067083333,-0.001966667
2012-04-17 23:36,1.090866667,-0.002000000,1.092866667,-0.002000000
2012-04-17 23:35,1.135100000,-0.002000000,1.137100000,-0.002000000
2012-04-17 23:34,1.139966667,-0.001966667,1.141933333,-0.001966667
2012-04-17 23:33,1.133366667,-0.001983333,1.135350000,-0.001983333
2012-04-17 23:32,1.179000000,-0.001983333,1.180983333,-0.001983333
2012-04-17 23:31,1.135083333,-0.002000000,1.137083333,-0.002000000
2012-04-17 23:30,1.111633333,-0.001983333,1.113616667,-0.001983333
2012-04-17 23:29,1.112666667,-0.001983333,1.114650000,-0.001983333
2012-04-17 23:28,1.114916667,-0.002000000,1.116916667,-0.002000000
2012-04-17 23:27,1.116316667,-0.002000000,1.118316667,-0.002000000
2012-04-17 23:26,1.114100000,-0.001983333,1.116083333,-0.001983333
2012-04-17 23:25,1.118166667,-0.001983333,1.120150000,-0.001983333
2012-04-17 23:24,1.132716667,-0.001983333,1.134700000,-0.001983333
2012-04-17 23:23,1.078033333,-0.001983333,1.080016667,-0.001983333
2012-04-17 23:22,1.019966667,-0.001866667,1.021833333,-0.001866667
2012-04-17 23:21,1.084200000,-0.001883333,1.086083333,-0.001883333
2012-04-17 23:20,1.085116667,-0.001933333,1.087050000,-0.001933333
2012-04-17 23:19,1.087050000,-0.001750000,1.088800000,-0.001750000
2012-04-17 23:18,1.096066667,-0.001883333,1.097950000,-0.001883333
2012-04-17 23:17,1.044416667,-0.001900000,1.046316667,-0.001900000
2012-04-17 23:16,0.959083333,-0.001966667,0.961050000,-0.001966667
2012-04-17 23:15,0.959533333,-0.001883333,0.961416667,-0.001883333
2012-04-17 23:14,0.965483333,-0.001850000,0.967333333,-0.001850000
2012-04-17 23:13,0.959416667,-0.001900000,0.961316667,-0.001900000
2012-04-17 23:12,0.959283333,-0.001866667,0.961150000,-0.001866667
2012-04-17 23:11,0.955950000,-0.001800000,0.957750000,-0.001800000
2012-04-17 23:10,1.135516667,-0.001400000,1.136916667,-0.001400000
2012-04-17 23:09,1.564700000,-0.000333333,1.565033333,-0.000333333
2012-04-17 23:08,0.974983333,-0.001716667,0.976700000,-0.001716667
2012-04-17 23:07,1.511783333,-0.001833333,1.513616667,-0.001833333
2012-04-17 23:06,1.773283333,-0.001883333,1.775166667,-0.001883333
2012-04-17 23:05,1.809883333,-0.001983333,1.811866667,-0.001983333
2012-04-17 23:04,2.078633333,-0.002000000,2.080633333,-0.002000000
2012-04-17 23:03,2.047533333,-0.002000000,2.049533333,-0.002000000
2012-04-17 23:02,1.974833333,-0.002000000,1.976833333,-0.002000000
2012-04-17 23:01,1.981283333,-0.002000000,1.983283333,-0.002000000
2012-04-17 23:00,1.879866667,-0.002000000,1.881866667,-0.002000000
2012-04-17 22:59,1.893333333,-0.002000000,1.895333333,-0.002000000
2012-04-17 22:58,1.848433333,-0.002000000,1.850433333,-0.002000000
2012-04-17 22:57,1.823566667,-0.002000000,1.825566667,-0.002000000
2012-04-17 22:56,1.766416667,-0.002000000,1.768416667,-0.002000000
2012-04-17 22:55,1.751100000,-0.002000000,1.753100000,-0.002000000
2012-04-17 22:54,1.751283333,-0.002000000,1.753283333,-0.002000000
2012-04-17 22:53,1.802000000,-0.002000000,1.804000000,-0.002000000
2012-04-17 22:52,1.838766667,-0.002000000,1.840766667,-0.002000000
2012-04-17 22:51,1.890033333,-0.002000000,1.892033333,-0.002000000
2012-04-17 22:50,2.075916667,-0.002000000,2.077916667,-0.002000000
2012-04-17 22:49,2.118033333,-0.001966667,2.120000000,-0.001966667
2012-04-17 22:48,1.903233333,-0.002000000,1.905233333,-0.002000000
2012-04-17 22:47,1.864033333,-0.002000000,1.866033333,-0.002000000
2012-04-17 22:46,1.886083333,-0.001983333,1.888066667,-0.001983333
2012-04-17 22:45,1.881200000,-0.001983333,1.883183333,-0.001983333
2012-04-17 22:44,1.886366667,-0.001983333,1.888350000,-0.001983333
2012-04-17 22:43,1.876416667,-0.001983333,1.878400000,-0.001983333
2012-04-17 22:42,1.950416667,-0.001950000,1.952366667,-0.001950000
2012-04-17 22:41,2.017916667,-0.002000000,2.019916667,-0.002000000
2012-04-17 22:40,2.001400000,-0.002000000,2.003400000,-0.002000000
2012-04-17 22:39,2.036066667,-0.002000000,2.038066667,-0.002000000
2012-04-17 22:38,2.009033333,-0.001983333,2.011016667,-0.001983333
2012-04-17 22:37,1.948033333,-0.001983333,1.950016667,-0.001983333
2012-04-17 22:36,1.937133333,-0.002000000,1.939133333,-0.002000000
2012-04-17 22:35,1.875116667,-0.002000000,1.877116667,-0.002000000
2012-04-17 22:34,1.828800000,-0.002000000,1.830800000,-0.002000000
2012-04-17 22:33,1.858100000,-0.002000000,1.860100000,-0.002000000
2012-04-17 22:32,1.880350000,-0.002000000,1.882350000,-0.002000000
2012-04-17 22:31,1.838966667,-0.002000000,1.840966667,-0.002000000
2012-04-17 22:30,1.865750000,-0.002000000,1.867750000,-0.002000000
2012-04-17 22:29,1.871466667,-0.002000000,1.873466667,-0.002000000
2012-04-17 22:28,1.920783333,-0.002000000,1.922783333,-0.002000000
2012-04-17 22:27,1.900966667,-0.002000000,1.902966667,-0.002000000
2012-04-17 22:26,2.211216667,-0.001266667,2.212483333,-0.001266667
2012-04-17 22:25,2.431983333,-0.000916667,2.432900000,-0.000916667
2012-04-17 22:24,2.031950000,-0.002000000,2.033950000,-0.002000000
2012-04-17 22:23,2.185650000,-0.002000000,2.187650000,-0.002000000
2012-04-17 22:22,2.078283333,-0.002000000,2.080283333,-0.002000000
2012-04-17 22:21,2.030850000,-0.002000000,2.032850000,-0.002000000
2012-04-17 22:20,1.983100000,-0.002000000,1.985100000,-0.002000000
2012-04-17 22:19,1.970166667,-0.002000000,1.972166667,-0.002000000
2012-04-17 22:18,1.985150000,-0.002000000,1.987150000,-0.002000000
2012-04-17 22:17,2.016150000,-0.002000000,2.018150000,-0.002000000
2012-04-17 22:16,1.977400000,-0.002000000,1.979400000,-0.002000000
2012-04-17 22:15,2.095350000,-0.002000000,2.097350000,-0.002000000
2012-04-17 22:14,1.932250000,-0.002000000,1.934250000,-0.002000000
2012-04-17 22:13,1.922733333,-0.002000000,1.924733333,-0.002000000
2012-04-17 22:12,1.943700000,-0.002000000,1.945700000,-0.002000000
2012-04-17 22:11,1.926583333,-0.002000000,1.928583333,-0.002000000
2012-04-17 22:10,2.012650000,-0.002000000,2.014650000,-0.002000000
2012-04-17 22:09,2.064133333,-0.002000000,2.066133333,-0.002000000
2012-04-17 22:08,2.039350000,-0.001983333,2.041333333,-0.001983333
2012-04-17 22:07,2.049750000,-0.002000000,2.051750000,-0.002000000
2012-04-17 22:06,2.008150000,-0.002000000,2.010150000,-0.002000000
2012-04-17 22:05,1.949300000,-0.001950000,1.951250000,-0.001950000
2012-04-17 22:04,1.910433333,-0.001983333,1.912416667,-0.001983333
2012-04-17 22:03,1.910316667,-0.001950000,1.912266667,-0.001950000
2012-04-17 22:02,1.923300000,-0.002000000,1.925300000,-0.002000000
2012-04-17 22:01,1.907766667,-0.001966667,1.909733333,-0.001966667
2012-04-17 22:00,1.926700000,-0.002000000,1.928700000,-0.002000000
2012-04-17 21:59,1.907916667,-0.001966667,1.909883333,-0.001966667
2012-04-17 21:58,1.904383333,-0.001983333,1.906366667,-0.001983333
2012-04-17 21:57,1.910533333,-0.001950000,1.912483333,-0.001950000
2012-04-17 21:56,1.918450000,-0.001950000,1.920400000,-0.001950000
2012-04-17 21:55,2.093033333,-0.001950000,2.094983333,-0.001950000
2012-04-17 21:54,1.960883333,-0.001900000,1.962783333,-0.001900000
2012-04-17 21:53,1.901683333,-0.001816667,1.903500000,-0.001816667
2012-04-17 21:52,1.945350000,-0.001850000,1.947200000,-0.001850000
2012-04-17 21:51,1.914650000,-0.001950000,1.916600000,-0.001950000
2012-04-17 21:50,1.923133333,-0.001883333,1.925016667,-0.001883333
2012-04-17 21:49,1.860033333,-0.001883333,1.861916667,-0.001883333
2012-04-17 21:48,1.849783333,-0.001866667,1.851650000,-0.001866667
2012-04-17 21:47,1.790866667,-0.001833333,1.792700000,-0.001833333
2012-04-17 21:46,1.876216667,-0.001966667,1.878183333,-0.001966667
2012-04-17 21:45,1.785316667,-0.001966667,1.787283333,-0.001966667
2012-04-17 21:44,1.797150000,-0.001916667,1.799066667,-0.001916667
2012-04-17 21:43,1.766666667,-0.001866667,1.768533333,-0.001866667
2012-04-17 21:42,1.783983333,-0.001950000,1.785933333,-0.001950000
2012-04-17 21:41,1.870216667,-0.001900000,1.872116667,-0.001900000
2012-04-17 21:40,2.550416667,-0.000533333,2.550950000,-0.000533333
2012-04-17 21:39,2.268416667,-0.001466667,2.269883333,-0.001466667
2012-04-17 21:38,1.948166667,-0.001966667,1.950133333,-0.001966667
2012-04-17 21:37,1.866283333,-0.001883333,1.868166667,-0.001883333
2012-04-17 21:36,1.835600000,-0.001950000,1.837550000,-0.001950000
2012-04-17 21:35,1.778633333,-0.001966667,1.780600000,-0.001966667
2012-04-17 21:34,1.848600000,-0.001983333,1.850583333,-0.001983333
2012-04-17 21:33,1.791733333,-0.001983333,1.793716667,-0.001983333
2012-04-17 21:32,1.793783333,-0.001983333,1.795766667,-0.001983333
2012-04-17 21:31,1.894800000,-0.002000000,1.896800000,-0.002000000
2012-04-17 21:30,1.801633333,-0.001983333,1.803616667,-0.001983333
2012-04-17 21:29,1.812450000,-0.002000000,1.814450000,-0.002000000
2012-04-17 21:28,1.862816667,-0.002000000,1.864816667,-0.002000000
2012-04-17 21:27,1.869533333,-0.002000000,1.871533333,-0.002000000
2012-04-17 21:26,1.880800000,-0.002000000,1.882800000,-0.002000000
2012-04-17 21:25,1.896733333,-0.001983333,1.898716667,-0.001983333
2012-04-17 21:24,1.902683333,-0.002000000,1.904683333,-0.002000000
2012-04-17 21:23,1.921833333,-0.002000000,1.923833333,-0.002000000
2012-04-17 21:22,1.979983333,-0.002000000,1.981983333,-0.002000000
2012-04-17 21:21,2.141116667,-0.002000000,2.143116667,-0.002000000
2012-04-17 21:20,2.023300000,-0.001900000,2.025200000,-0.001900000
2012-04-17 21:19,1.616766667,-0.001783333,1.618550000,-0.001783333
2012-04-17 21:18,1.627200000,-0.001866667,1.629066667,-0.001866667
2012-04-17 21:17,1.652100000,-0.001900000,1.654000000,-0.001900000
2012-04-17 21:16,1.623966667,-0.001916667,1.625883333,-0.001916667
2012-04-17 21:15,1.528816667,-0.001750000,1.530566667,-0.001750000
2012-04-17 21:14,1.519383333,-0.001750000,1.521133333,-0.001750000
2012-04-17 21:13,1.728683333,-0.001783333,1.730466667,-0.001783333
2012-04-17 21:12,1.810950000,-0.001816667,1.812766667,-0.001816667
2012-04-17 21:11,1.773600000,-0.001833333,1.775433333,-0.001833333
2012-04-17 21:10,1.642483333,-0.001800000,1.644283333,-0.001800000
2012-04-17 21:09,1.657483333,-0.001666667,1.659150000,-0.001666667
2012-04-17 21:08,1.592916667,-0.001766667,1.594683333,-0.001766667
2012-04-17 21:07,1.568383333,-0.001933333,1.570316667,-0.001933333
2012-04-17 21:06,1.605050000,-0.001950000,1.607000000,-0.001950000
2012-04-17 21:05,1.600583333,-0.001883333,1.602466667,-0.001883333
2012-04-17 21:04,1.641000000,-0.001850000,1.642850000,-0.001850000
2012-04-17 21:03,1.674633333,-0.001816667,1.676450000,-0.001816667
2012-04-17 21:02,1.635266667,-0.001783333,1.637050000,-0.001783333
2012-04-17 21:01,1.643366667,-0.001766667,1.645133333,-0.001766667
2012-04-17 21:00,1.625600000,-0.001883333,1.627483333,-0.001883333
2012-04-17 20:59,1.717266667,-0.001916667,1.719183333,-0.001916667
2012-04-17 20:58,1.677733333,-0.001883333,1.679616667,-0.001883333
2012-04-17 20:57,2.354150000,-0.000383333,2.354533333,-0.000383333
2012-04-17 20:56,2.003783333,-0.001533333,2.005316667,-0.001533333
2012-04-17 20:55,1.745000000,-0.001933333,1.746933333,-0.001933333
2012-04-17 20:54,1.534550000,-0.001583333,1.536133333,-0.001583333
2012-04-17 20:53,1.304000000,-0.001983333,1.305983333,-0.001983333
2012-04-17 20:52,1.268500000,-0.001933333,1.270433333,-0.001933333
2012-04-17 20:51,1.263833333,-0.001966667,1.265800000,-0.001966667
2012-04-17 20:50,1.258833333,-0.001983333,1.260816667,-0.001983333
2012-04-17 20:49,1.244933333,-0.002000000,1.246933333,-0.002000000
2012-04-17 20:48,1.215633333,-0.002000000,1.217633333,-0.002000000
2012-04-17 20:47,1.344283333,-0.001966667,1.346250000,-0.001966667
2012-04-17 20:46,1.355833333,-0.001983333,1.357816667,-0.001983333
2012-04-17 20:45,1.401066667,-0.001983333,1.403050000,-0.001983333
2012-04-17 20:44,1.285133333,-0.002000000,1.287133333,-0.002000000
2012-04-17 20:43,1.330566667,-0.001933333,1.332500000,-0.001933333
2012-04-17 20:42,1.437433333,-0.002000000,1.439433333,-0.002000000
2012-04-17 20:41,1.507033333,-0.002000000,1.509033333,-0.002000000
2012-04-17 20:40,1.530100000,-0.002000000,1.532100000,-0.002000000
2012-04-17 20:39,1.483500000,-0.002000000,1.485500000,-0.002000000
2012-04-17 20:38,1.459000000,-0.002000000,1.461000000,-0.002000000
2012-04-17 20:37,1.464116667,-0.002000000,1.466116667,-0.002000000
2012-04-17 20:36,1.428450000,-0.002100000,1.430550000,-0.002100000
2012-04-17 20:35,1.369516667,-0.002016667,1.371533333,-0.002016667
2012-04-17 20:34,1.323533333,-0.002000000,1.325533333,-0.002000000
2012-04-17 20:33,1.308600000,-0.001066667,1.309666667,-0.001066667
2012-04-17 20:32,1.330016667,0.000050000,1.329966667,0.000050000
2012-04-17 20:31,1.329850000,0.001733333,1.328116667,0.001733333
2012-04-17 20:30,1.317350000,0.003483333,1.313866667,0.003483333
2012-04-17 20:29,1.343433333,0.005433333,1.338000000,0.005433333
2012-04-17 20:28,1.313666667,0.006700000,1.306966667,0.006700000
2012-04-17 20:27,1.407566667,0.007966667,1.399600000,0.007966667
2012-04-17 20:26,1.412066667,0.009033333,1.403033333,0.009033333
2012-04-17 20:25,1.370000000,0.008900000,1.361100000,0.008900000
2012-04-17 20:24,1.182250000,0.027300000,1.154950000,0.027300000
2012-04-17 20:23,1.175716667,0.081083333,1.094633333,0.081083333
2012-04-17 20:22,1.195200000,0.131900000,1.063300000,0.131900000
2012-04-17 20:21,1.204550000,0.151266667,1.053283333,0.151266667
2012-04-17 20:20,1.269233333,0.166033333,1.103200000,0.166033333
2012-04-17 20:19,1.329150000,0.182100000,1.147050000,0.182100000
2012-04-17 20:18,1.421700000,0.197266667,1.224433333,0.197266667
2012-04-17 20:17,1.923583333,0.209000000,1.714583333,0.209000000
2012-04-17 20:16,1.205916667,0.219683333,0.986233333,0.219683333
2012-04-17 20:15,1.257150000,0.236466667,1.020683333,0.236466667
2012-04-17 20:14,1.355250000,0.251316667,1.103933333,0.251316667
2012-04-17 20:13,1.305600000,0.265783333,1.039816667,0.265783333
2012-04-17 20:12,1.446166667,0.261916667,1.184250000,0.261916667
2012-04-17 20:11,1.491033333,0.181216667,1.309816667,0.181216667
2012-04-17 20:10,1.481483333,0.097133333,1.384350000,0.097133333
2012-04-17 20:09,1.470333333,0.088350000,1.381983333,0.088350000
2012-04-17 20:08,1.390866667,0.131616667,1.259250000,0.131616667
2012-04-17 20:07,1.313666667,0.221650000,1.092016667,0.221650000
2012-04-17 20:06,1.162466667,0.249783333,0.912683333,0.249783333
2012-04-17 20:05,1.132616667,0.263600000,0.869016667,0.263600000
2012-04-17 20:04,1.158000000,0.326700000,0.831300000,0.326700000
2012-04-17 20:03,1.156833333,0.324400000,0.832433333,0.324400000
2012-04-17 20:02,1.139983333,0.184650000,0.955333333,0.184650000
2012-04-17 20:01,1.168833333,0.068016667,1.100816667,0.068016667
2012-04-17 20:00,1.225500000,0.058933333,1.166566667,0.058933333
2012-04-17 19:59,1.247350000,0.096583333,1.150766667,0.096583333
2012-04-17 19:58,1.226583333,0.182516667,1.044066667,0.182516667
2012-04-17 19:57,1.402283333,0.254583333,1.147700000,0.254583333
2012-04-17 19:56,1.399850000,0.239966667,1.159883333,0.239966667
2012-04-17 19:55,1.321983333,0.175333333,1.146650000,0.175333333
2012-04-17 19:54,1.350616667,0.118816667,1.231800000,0.118816667
2012-04-17 19:53,1.341183333,0.068550000,1.272633333,0.068550000
2012-04-17 19:52,1.408166667,0.047150000,1.361016667,0.047150000
2012-04-17 19:51,1.305350000,0.040066667,1.265283333,0.040066667
2012-04-17 19:50,1.289750000,0.037683333,1.252066667,0.037683333
2012-04-17 19:49,1.267916667,0.037216667,1.230700000,0.037216667
2012-04-17 19:48,1.244700000,0.037483333,1.207216667,0.037483333
2012-04-17 19:47,1.257133333,0.037766667,1.219366667,0.037766667
2012-04-17 19:46,1.353716667,0.038266667,1.315450000,0.038266667
2012-04-17 19:45,1.389583333,0.038333333,1.351250000,0.038333333
2012-04-17 19:44,1.454616667,0.037916667,1.416700000,0.037916667
2012-04-17 19:43,1.441816667,0.036750000,1.405066667,0.036750000
2012-04-17 19:42,1.364450000,0.035433333,1.329016667,0.035433333
2012-04-17 19:41,1.319600000,0.034416667,1.285183333,0.034416667
2012-04-17 19:40,1.275083333,0.033633333,1.241450000,0.033633333
2012-04-17 19:39,1.272666667,0.033666667,1.239000000,0.033666667
2012-04-17 19:38,1.150583333,0.035100000,1.115483333,0.035100000
2012-04-17 19:37,1.288733333,0.037850000,1.250883333,0.037850000
2012-04-17 19:36,1.396950000,0.041550000,1.355400000,0.041550000
2012-04-17 19:35,0.976200000,0.047233333,0.928966667,0.047233333
2012-04-17 19:34,1.011183333,0.052950000,0.958233333,0.052950000
2012-04-17 19:33,1.416633333,0.058916667,1.357716667,0.058916667
2012-04-17 19:32,1.641716667,0.064816667,1.576900000,0.064816667
2012-04-17 19:31,1.750600000,0.070500000,1.680100000,0.070500000
2012-04-17 19:30,1.603266667,0.076233333,1.527033333,0.076233333
2012-04-17 19:29,1.432216667,0.080900000,1.351316667,0.080900000
2012-04-17 19:28,0.879400000,0.084000000,0.795400000,0.084000000
2012-04-17 19:27,0.662650000,0.085350000,0.577300000,0.085350000
2012-04-17 19:26,0.662716667,0.084633333,0.578083333,0.084633333
2012-04-17 19:25,0.653650000,0.082150000,0.571500000,0.082150000
2012-04-17 19:24,0.580166667,0.079183333,0.500983333,0.079183333
2012-04-17 19:23,0.600000000,0.077466667,0.522533333,0.077466667
2012-04-17 19:22,0.600266667,0.076733333,0.523533333,0.076733333
2012-04-17 19:21,0.601600000,0.077800000,0.523800000,0.077800000
2012-04-17 19:20,0.601566667,0.080316667,0.521250000,0.080316667
2012-04-17 19:19,0.601850000,0.083533333,0.518316667,0.083533333
2012-04-17 19:18,0.603450000,0.087916667,0.515533333,0.087916667
2012-04-17 19:17,0.667116667,0.093750000,0.573366667,0.093750000
2012-04-17 19:16,0.675783333,0.098350000,0.577433333,0.098350000
2012-04-17 19:15,0.678133333,0.105600000,0.572533333,0.105600000
2012-04-17 19:14,0.700650000,0.113933333,0.586716667,0.113933333
2012-04-17 19:13,0.654250000,0.122033333,0.532216667,0.122033333
2012-04-17 19:12,0.619450000,0.131666667,0.487783333,0.131666667
2012-04-17 19:11,0.623116667,0.142533333,0.480583333,0.142533333
2012-04-17 19:10,0.625616667,0.154650000,0.470966667,0.154650000
2012-04-17 19:09,0.605516667,0.165633333,0.439883333,0.165633333
2012-04-17 19:08,0.559683333,0.174166667,0.385516667,0.174166667
2012-04-17 19:07,0.560216667,0.180183333,0.380033333,0.180183333
2012-04-17 19:06,0.561316667,0.183300000,0.378016667,0.183300000
2012-04-17 19:05,0.561216667,0.184716667,0.376500000,0.184716667
2012-04-17 19:04,0.568133333,0.185200000,0.382933333,0.185200000
2012-04-17 19:03,0.593133333,0.187216667,0.405916667,0.187216667
2012-04-17 19:02,0.633166667,0.191300000,0.441866667,0.191300000
2012-04-17 19:01,1.300216667,0.199016667,1.101200000,0.199016667
2012-04-17 19:00,0.696316667,0.206833333,0.489483333,0.206833333
2012-04-17 18:59,0.626800000,0.215100000,0.411700000,0.215100000
2012-04-17 18:58,0.554266667,0.221416667,0.332850000,0.221416667
2012-04-17 18:57,0.554266667,0.225650000,0.328616667,0.225650000
2012-04-17 18:56,0.554400000,0.228100000,0.326300000,0.228100000
2012-04-17 18:55,0.555166667,0.230316667,0.324850000,0.230316667
2012-04-17 18:54,0.560533333,0.233100000,0.327433333,0.233100000
2012-04-17 18:53,0.553916667,0.238250000,0.315666667,0.238250000
2012-04-17 18:52,0.553783333,0.244833333,0.308950000,0.244833333
2012-04-17 18:51,0.553900000,0.252500000,0.301400000,0.252500000
2012-04-17 18:50,0.553766667,0.259616667,0.294150000,0.259616667
2012-04-17 18:49,0.553600000,0.265900000,0.287700000,0.265900000
2012-04-17 18:48,0.625150000,0.272183333,0.352966667,0.272183333
2012-04-17 18:47,0.628600000,0.279450000,0.349150000,0.279450000
2012-04-17 18:46,0.628216667,0.287750000,0.340466667,0.287750000
2012-04-17 18:45,0.634600000,0.295616667,0.338983333,0.295616667
2012-04-17 18:44,0.600283333,0.302483333,0.297800000,0.302483333
2012-04-17 18:43,0.564266667,0.308983333,0.255283333,0.308983333
2012-04-17 18:42,0.605266667,0.313866667,0.291400000,0.313866667
2012-04-17 18:41,0.606700000,0.318200000,0.288500000,0.318200000
2012-04-17 18:40,0.601883333,0.320183333,0.281700000,0.320183333
2012-04-17 18:39,0.603583333,0.320933333,0.282650000,0.320933333
2012-04-17 18:38,0.603933333,0.321400000,0.282533333,0.321400000
2012-04-17 18:37,0.604283333,0.321766667,0.282516667,0.321766667
2012-04-17 18:36,0.606050000,0.321983333,0.284066667,0.321983333
2012-04-17 18:35,0.666916667,0.322566667,0.344350000,0.322566667
2012-04-17 18:34,0.747966667,0.323483333,0.424483333,0.323483333
2012-04-17 18:33,0.777783333,0.324833333,0.452950000,0.324833333
2012-04-17 18:32,0.779550000,0.329616667,0.449933333,0.329616667
2012-04-17 18:31,0.783100000,0.333916667,0.449183333,0.333916667
2012-04-17 18:30,0.786383333,0.346850000,0.439533333,0.346850000
2012-04-17 18:29,0.719500000,0.364250000,0.355250000,0.364250000
2012-04-17 18:28,0.722683333,0.374600000,0.348083333,0.374600000
2012-04-17 18:27,0.660400000,0.387066667,0.273333333,0.387066667
2012-04-17 18:26,0.659683333,0.404750000,0.254933333,0.404750000
2012-04-17 18:25,0.657350000,0.424150000,0.233200000,0.424150000
2012-04-17 18:24,0.662183333,0.441400000,0.220783333,0.441400000
2012-04-17 18:23,0.656266667,0.457383333,0.198883333,0.457383333
2012-04-17 18:22,0.656916667,0.490866667,0.166050000,0.490866667
2012-04-17 18:21,0.657900000,0.491933333,0.165966667,0.491933333
2012-04-17 18:20,0.665316667,0.497700000,0.167616667,0.497700000
2012-04-17 18:19,0.728133333,0.503183333,0.224950000,0.503183333
2012-04-17 18:18,0.947966667,0.520466667,0.427500000,0.520466667
2012-04-17 18:17,1.286766667,0.535350000,0.751416667,0.535350000
2012-04-17 18:16,0.745866667,0.586333333,0.159533333,0.586333333
2012-04-17 18:15,0.697266667,0.649766667,0.047500000,0.649766667
2012-04-17 18:14,0.686583333,0.653116667,0.033466667,0.653116667
2012-04-17 18:13,0.631350000,0.612216667,0.019133333,0.612216667
2012-04-17 18:12,0.565166667,0.558066667,0.007100000,0.558066667
2012-04-17 18:11,0.564933333,0.516833333,0.048100000,0.516833333
2012-04-17 18:10,0.564583333,0.502750000,0.061833333,0.502750000
2012-04-17 18:09,0.561633333,0.484566667,0.077066667,0.484566667
2012-04-17 18:08,0.561883333,0.466000000,0.095883333,0.466000000
2012-04-17 18:07,0.562233333,0.457533333,0.104700000,0.457533333
2012-04-17 18:06,0.562333333,0.449183333,0.113150000,0.449183333
2012-04-17 18:05,0.588400000,0.448916667,0.139483333,0.448916667
2012-04-17 18:04,0.639216667,0.450433333,0.188783333,0.450433333
2012-04-17 18:03,0.631366667,0.455083333,0.176283333,0.455083333
2012-04-17 18:02,0.631733333,0.453800000,0.177933333,0.453800000
2012-04-17 18:01,0.683833333,0.465833333,0.218000000,0.465833333
2012-04-17 18:00,0.602383333,0.468833333,0.133550000,0.468833333
2012-04-17 17:59,0.602783333,0.481066667,0.121716667,0.481066667
2012-04-17 17:58,0.605066667,0.492500000,0.112566667,0.492500000
2012-04-17 17:57,0.605366667,0.505333333,0.100033333,0.505333333
2012-04-17 17:56,0.607533333,0.517216667,0.090316667,0.517216667
2012-04-17 17:55,0.608000000,0.527183333,0.080816667,0.527183333
2012-04-17 17:54,0.616916667,0.533066667,0.083850000,0.533066667
2012-04-17 17:53,0.620550000,0.534750000,0.085800000,0.534750000
2012-04-17 17:52,0.611533333,0.526066667,0.085466667,0.526066667
2012-04-17 17:51,0.612750000,0.522266667,0.090483333,0.522266667
2012-04-17 17:50,0.668933333,0.516950000,0.151983333,0.516950000
2012-04-17 17:49,0.684166667,0.524633333,0.159533333,0.524633333
2012-04-17 17:48,0.686800000,0.534700000,0.152100000,0.534700000
2012-04-17 17:47,0.704400000,0.536883333,0.167516667,0.536883333
2012-04-17 17:46,0.632450000,0.534433333,0.098016667,0.534433333
2012-04-17 17:45,0.561600000,0.529500000,0.032100000,0.529500000
2012-04-17 17:44,0.567716667,0.522933333,0.044783333,0.522933333
2012-04-17 17:43,0.561266667,0.519416667,0.041850000,0.519416667
2012-04-17 17:42,0.561150000,0.517650000,0.043500000,0.517650000
2012-04-17 17:41,0.562316667,0.525016667,0.037300000,0.525016667
2012-04-17 17:40,0.555666667,0.535700000,0.019966667,0.535700000
2012-04-17 17:39,0.556316667,0.555833333,0.000483333,0.555833333
2012-04-17 17:38,0.557600000,0.625733333,-0.068133333,0.625733333
2012-04-17 17:37,0.558250000,0.667750000,-0.109500000,0.667750000
2012-04-17 17:36,0.973166667,0.658300000,0.314866667,0.658300000
2012-04-17 17:35,0.955483333,0.615016667,0.340466667,0.615016667
2012-04-17 17:34,0.632500000,0.641216667,-0.008716667,0.641216667
2012-04-17 17:33,0.626933333,0.638683333,-0.011750000,0.638683333
2012-04-17 17:32,0.636933333,0.657666667,-0.020733333,0.657666667
2012-04-17 17:31,0.555250000,0.618633333,-0.063383333,0.618633333
2012-04-17 17:30,0.555233333,0.663366667,-0.108133333,0.663366667
2012-04-17 17:29,0.558533333,0.703716667,-0.145183333,0.703716667
2012-04-17 17:28,0.559433333,0.692550000,-0.133116667,0.692550000
2012-04-17 17:27,0.557433333,0.608816667,-0.051383333,0.608816667
2012-04-17 17:26,0.558333333,0.783216667,-0.224883333,0.783216667
2012-04-17 17:25,0.559083333,0.839033333,-0.279950000,0.839033333
2012-04-17 17:24,0.569850000,0.830533333,-0.260683333,0.830533333
2012-04-17 17:23,0.566416667,1.037716667,-0.471300000,1.037716667
2012-04-17 17:22,0.568366667,1.228483333,-0.660116667,1.228483333
2012-04-17 17:21,0.621833333,1.214200000,-0.592366667,1.214200000
2012-04-17 17:20,0.666083333,1.196466667,-0.530383333,1.196466667
2012-04-17 17:19,0.686283333,1.318300000,-0.632016667,1.318300000
2012-04-17 17:18,0.692316667,1.275733333,-0.583416667,1.275733333
2012-04-17 17:17,0.726550000,1.253916667,-0.527366667,1.253916667
2012-04-17 17:16,0.718450000,1.342250000,-0.623800000,1.342250000
2012-04-17 17:15,0.719883333,1.373300000,-0.653416667,1.373300000
2012-04-17 17:14,0.727883333,1.268033333,-0.540150000,1.268033333
2012-04-17 17:13,0.722833333,1.260916667,-0.538083333,1.260916667
2012-04-17 17:12,0.724150000,1.094750000,-0.370600000,1.094750000
2012-04-17 17:11,0.725250000,1.126866667,-0.401616667,1.126866667
2012-04-17 17:10,0.730283333,1.525050000,-0.794766667,1.525050000
2012-04-17 17:09,0.731650000,1.639800000,-0.908150000,1.639800000
2012-04-17 17:08,0.733333333,1.662400000,-0.929066667,1.662400000
2012-04-17 17:07,0.742766667,1.700133333,-0.957366667,1.700133333
2012-04-17 17:06,0.809783333,1.602766667,-0.792983333,1.602766667
2012-04-17 17:05,0.775250000,1.523000000,-0.747750000,1.523000000
2012-04-17 17:04,0.749416667,1.459866667,-0.710450000,1.459866667
2012-04-17 17:03,0.766200000,1.466383333,-0.700183333,1.466383333
2012-04-17 17:02,0.669100000,1.484500000,-0.815400000,1.484500000
2012-04-17 17:01,0.669033333,1.598233333,-0.929200000,1.598233333
2012-04-17 17:00,0.670300000,1.725800000,-1.055500000,1.725800000
2012-04-17 16:59,0.672350000,1.850583333,-1.178233333,1.850583333
2012-04-17 16:58,0.673000000,1.766700000,-1.093700000,1.766700000
2012-04-17 16:57,0.672550000,1.503850000,-0.831300000,1.503850000
2012-04-17 16:56,0.678616667,1.406933333,-0.728316667,1.406933333
2012-04-17 16:55,0.629016667,1.434666667,-0.805650000,1.434666667
2012-04-17 16:54,0.570800000,1.340850000,-0.770050000,1.340850000
2012-04-17 16:53,0.564750000,1.374833333,-0.810083333,1.374833333
2012-04-17 16:52,0.602283333,1.347066667,-0.744783333,1.347066667
2012-04-17 16:51,1.264333333,1.485366667,-0.221033333,1.485366667
2012-04-17 16:50,0.787433333,1.482950000,-0.695516667,1.482950000
2012-04-17 16:49,0.640266667,1.557233333,-0.916966667,1.557233333
2012-04-17 16:48,0.632883333,1.547516667,-0.914633333,1.547516667
2012-04-17 16:47,0.573316667,1.504716667,-0.931400000,1.504716667
2012-04-17 16:46,0.574500000,1.538683333,-0.964183333,1.538683333
2012-04-17 16:45,0.575566667,1.640450000,-1.064883333,1.640450000
2012-04-17 16:44,0.582333333,1.680316667,-1.097983333,1.680316667
2012-04-17 16:43,0.577600000,1.862200000,-1.284600000,1.862200000
2012-04-17 16:42,0.577233333,1.725883333,-1.148650000,1.725883333
2012-04-17 16:41,0.575783333,1.579550000,-1.003766667,1.579550000
2012-04-17 16:40,0.572633333,1.860600000,-1.287966667,1.860600000
2012-04-17 16:39,0.588416667,1.973416667,-1.385000000,1.973416667
2012-04-17 16:38,0.622233333,2.001633333,-1.379400000,2.001633333
2012-04-17 16:37,0.685016667,1.964616667,-1.279600000,1.964616667
2012-04-17 16:36,0.693866667,1.968816667,-1.274950000,1.968816667
2012-04-17 16:35,0.693616667,1.847550000,-1.153933333,1.847550000
2012-04-17 16:34,0.707050000,1.845350000,-1.138300000,1.845350000
2012-04-17 16:33,0.657966667,1.607083333,-0.949116667,1.607083333
2012-04-17 16:32,0.624633333,1.838750000,-1.214116667,1.838750000
2012-04-17 16:31,0.626700000,1.917650000,-1.290950000,1.917650000
2012-04-17 16:30,0.627716667,1.917033333,-1.289316667,1.917033333
2012-04-17 16:29,0.631016667,1.869483333,-1.238466667,1.869483333
2012-04-17 16:28,0.635016667,1.891616667,-1.256600000,1.891616667
2012-04-17 16:27,0.637283333,2.031016667,-1.393733333,2.031016667
2012-04-17 16:26,0.638433333,2.002550000,-1.364116667,2.002550000
2012-04-17 16:25,0.642233333,2.011200000,-1.368966667,2.011200000
2012-04-17 16:24,0.631600000,2.011516667,-1.379916667,2.011516667
2012-04-17 16:23,0.585233333,1.992783333,-1.407550000,1.992783333
2012-04-17 16:22,0.644133333,1.986833333,-1.342700000,1.986833333
2012-04-17 16:21,0.643100000,1.933633333,-1.290533333,1.933633333
2012-04-17 16:20,0.643983333,1.982616667,-1.338633333,1.982616667
2012-04-17 16:19,0.669550000,1.968833333,-1.299283333,1.968833333
2012-04-17 16:18,0.579733333,1.980783333,-1.401050000,1.980783333
2012-04-17 16:17,0.581400000,2.129550000,-1.548150000,2.129550000
2012-04-17 16:16,0.581200000,2.094566667,-1.513366667,2.094566667
2012-04-17 16:15,0.580883333,1.982183333,-1.401300000,1.982183333
2012-04-17 16:14,0.588416667,1.993950000,-1.405533333,1.993950000
2012-04-17 16:13,0.582500000,1.931566667,-1.349066667,1.931566667
2012-04-17 16:12,0.582550000,1.964300000,-1.381750000,1.964300000
2012-04-17 16:11,0.582766667,1.903183333,-1.320416667,1.903183333
2012-04-17 16:10,0.582466667,1.941083333,-1.358616667,1.941083333
2012-04-17 16:09,0.833533333,1.942683333,-1.109150000,1.942683333
2012-04-17 16:08,1.091766667,1.922416667,-0.830650000,1.922416667
2012-04-17 16:07,0.649950000,1.909866667,-1.259916667,1.909866667
2012-04-17 16:06,0.649933333,1.902550000,-1.252616667,1.902550000
2012-04-17 16:05,0.654566667,1.913516667,-1.258950000,1.913516667
2012-04-17 16:04,0.659816667,2.052350000,-1.392533333,2.052350000
2012-04-17 16:03,0.575116667,2.152033333,-1.576916667,2.152033333
2012-04-17 16:02,0.575250000,2.151000000,-1.575750000,2.151000000
2012-04-17 16:01,0.574983333,2.125333333,-1.550350000,2.125333333
2012-04-17 16:00,0.575150000,2.108166667,-1.533016667,2.108166667
2012-04-17 15:59,0.574966667,2.154616667,-1.579650000,2.154616667
2012-04-17 15:58,0.587683333,2.151050000,-1.563366667,2.151050000
2012-04-17 15:57,0.622666667,2.139766667,-1.517100000,2.139766667
2012-04-17 15:56,0.622100000,2.080600000,-1.458500000,2.080600000
2012-04-17 15:55,0.622750000,2.082616667,-1.459866667,2.082616667
2012-04-17 15:54,0.630233333,2.115983333,-1.485750000,2.115983333
2012-04-17 15:53,0.741150000,2.101066667,-1.359916667,2.101066667
2012-04-17 15:52,0.792750000,2.043483333,-1.250733333,2.043483333
2012-04-17 15:51,0.795083333,2.061016667,-1.265933333,2.061016667
2012-04-17 15:50,0.800983333,2.009966667,-1.208983333,2.009966667
2012-04-17 15:49,0.759900000,1.957050000,-1.197150000,1.957050000
2012-04-17 15:48,0.724650000,1.747116667,-1.022466667,1.747116667
2012-04-17 15:47,0.733633333,1.909000000,-1.175366667,1.909000000
2012-04-17 15:46,0.737633333,2.045716667,-1.308083333,2.045716667
2012-04-17 15:45,0.739316667,2.062833333,-1.323516667,2.062833333
2012-04-17 15:44,0.750766667,2.128966667,-1.378200000,2.128966667
2012-04-17 15:43,0.723900000,2.009433333,-1.285533333,2.009433333
2012-04-17 15:42,0.678216667,1.904916667,-1.226700000,1.904916667
2012-04-17 15:41,0.678533333,1.874900000,-1.196366667,1.874900000
2012-04-17 15:40,0.673900000,1.950933333,-1.277033333,1.950933333
2012-04-17 15:39,0.686416667,2.004100000,-1.317683333,2.004100000
2012-04-17 15:38,0.746483333,2.122350000,-1.375866667,2.122350000
2012-04-17 15:37,0.746733333,2.126666667,-1.379933333,2.126666667
2012-04-17 15:36,0.747866667,2.103733333,-1.355866667,2.103733333
2012-04-17 15:35,0.763533333,2.026566667,-1.263033333,2.026566667
2012-04-17 15:34,0.683650000,1.874400000,-1.190750000,1.874400000
2012-04-17 15:33,0.677783333,1.755183333,-1.077400000,1.755183333
2012-04-17 15:32,0.683716667,1.757466667,-1.073750000,1.757466667
2012-04-17 15:31,0.637166667,2.017900000,-1.380733333,2.017900000
2012-04-17 15:30,0.572250000,1.979516667,-1.407266667,1.979516667
2012-04-17 15:29,0.571500000,1.961433333,-1.389933333,1.961433333
2012-04-17 15:28,0.575166667,1.980233333,-1.405066667,1.980233333
2012-04-17 15:27,0.575800000,1.998533333,-1.422733333,1.998533333
2012-04-17 15:26,1.248016667,2.042083333,-0.794066667,2.042083333
2012-04-17 15:25,0.649416667,2.055233333,-1.405816667,2.055233333
2012-04-17 15:24,0.612466667,2.021416667,-1.408950000,2.021416667
2012-04-17 15:23,0.643233333,2.020716667,-1.377483333,2.020716667
2012-04-17 15:22,0.640966667,1.973333333,-1.332366667,1.973333333
2012-04-17 15:21,0.651000000,2.010700000,-1.359700000,2.010700000
2012-04-17 15:20,0.646683333,2.069216667,-1.422533333,2.069216667
2012-04-17 15:19,0.581266667,2.116133333,-1.534866667,2.116133333
2012-04-17 15:18,0.581766667,2.123833333,-1.542066667,2.123833333
2012-04-17 15:17,0.592133333,2.073400000,-1.481266667,2.073400000
2012-04-17 15:16,0.628816667,2.027250000,-1.398433333,2.027250000
2012-04-17 15:15,0.629816667,2.052583333,-1.422766667,2.052583333
2012-04-17 15:14,0.636450000,2.068050000,-1.431600000,2.068050000
2012-04-17 15:13,0.633550000,2.132166667,-1.498616667,2.132166667
2012-04-17 15:12,0.635533333,2.178066667,-1.542533333,2.178066667
2012-04-17 15:11,0.636416667,2.217633333,-1.581216667,2.217633333
2012-04-17 15:10,0.637566667,2.212500000,-1.574933333,2.212500000
2012-04-17 15:09,0.690633333,2.178950000,-1.488316667,2.178950000
2012-04-17 15:08,0.707050000,2.163800000,-1.456750000,2.163800000
2012-04-17 15:07,0.706800000,2.138400000,-1.431600000,2.138400000
2012-04-17 15:06,0.712800000,2.127633333,-1.414833333,2.127633333
2012-04-17 15:05,0.683466667,2.160583333,-1.477116667,2.160583333
2012-04-17 15:04,0.643533333,2.152033333,-1.508500000,2.152033333
2012-04-17 15:03,0.639733333,2.105116667,-1.465383333,2.105116667
2012-04-17 15:02,0.615850000,2.079466667,-1.463616667,2.079466667
2012-04-17 15:01,0.574100000,2.068950000,-1.494850000,2.068950000
2012-04-17 15:00,0.573416667,2.016900000,-1.443483333,2.016900000
2012-04-17 14:59,0.572750000,2.029233333,-1.456483333,2.029233333
2012-04-17 14:58,0.572733333,2.055400000,-1.482666667,2.055400000
2012-04-17 14:57,0.573583333,2.032916667,-1.459333333,2.032916667
2012-04-17 14:56,0.575816667,2.087883333,-1.512066667,2.087883333
2012-04-17 14:55,0.576966667,2.094666667,-1.517700000,2.094666667
2012-04-17 14:54,0.650333333,1.974433333,-1.324100000,1.974433333
2012-04-17 14:53,0.642583333,1.897233333,-1.254650000,1.897233333
2012-04-17 14:52,0.643650000,1.913116667,-1.269466667,1.913116667
2012-04-17 14:51,0.659083333,2.032983333,-1.373900000,2.032983333
2012-04-17 14:50,0.589066667,2.051133333,-1.462066667,2.051133333
2012-04-17 14:49,0.575700000,2.028400000,-1.452700000,2.028400000
2012-04-17 14:48,0.575283333,1.998200000,-1.422916667,1.998200000
2012-04-17 14:47,0.578900000,1.909000000,-1.330100000,1.909000000
2012-04-17 14:46,0.581016667,1.983100000,-1.402083333,1.983100000
2012-04-17 14:45,0.580600000,1.963916667,-1.383316667,1.963916667
2012-04-17 14:44,1.029816667,1.954133333,-0.924316667,1.954133333
2012-04-17 14:43,0.878100000,1.912266667,-1.034166667,1.912266667
2012-04-17 14:42,0.581100000,1.961933333,-1.380833333,1.961933333
2012-04-17 14:41,0.580466667,2.006816667,-1.426350000,2.006816667
2012-04-17 14:40,0.586533333,1.925266667,-1.338733333,1.925266667
2012-04-17 14:39,0.640800000,1.828633333,-1.187833333,1.828633333
2012-04-17 14:38,0.638966667,1.721650000,-1.082683333,1.721650000
2012-04-17 14:37,0.638833333,1.673933333,-1.035100000,1.673933333
2012-04-17 14:36,0.664266667,1.716633333,-1.052366667,1.716633333
2012-04-17 14:35,0.619383333,1.820733333,-1.201350000,1.820733333
2012-04-17 14:34,0.688600000,1.964733333,-1.276133333,1.964733333
2012-04-17 14:33,0.721066667,2.020133333,-1.299066667,2.020133333
2012-04-17 14:32,0.721633333,1.974033333,-1.252400000,1.974033333
2012-04-17 14:31,0.721183333,1.860316667,-1.139133333,1.860316667
2012-04-17 14:30,0.722583333,1.889066667,-1.166483333,1.889066667
2012-04-17 14:29,0.727983333,1.892533333,-1.164550000,1.892533333
2012-04-17 14:28,0.733950000,1.902333333,-1.168383333,1.902333333
2012-04-17 14:27,0.736050000,1.911750000,-1.175700000,1.911750000
2012-04-17 14:26,0.737200000,1.861666667,-1.124466667,1.861666667
2012-04-17 14:25,0.760766667,1.724316667,-0.963550000,1.724316667
2012-04-17 14:24,0.816300000,1.812516667,-0.996216667,1.812516667
2012-04-17 14:23,0.809583333,1.753200000,-0.943616667,1.753200000
2012-04-17 14:22,0.813483333,1.800866667,-0.987383333,1.800866667
2012-04-17 14:21,0.805483333,1.932400000,-1.126916667,1.932400000
2012-04-17 14:20,0.683016667,1.955133333,-1.272116667,1.955133333
2012-04-17 14:19,0.682766667,1.949583333,-1.266816667,1.949583333
2012-04-17 14:18,0.681516667,1.789650000,-1.108133333,1.789650000
2012-04-17 14:17,0.682166667,1.869350000,-1.187183333,1.869350000
2012-04-17 14:16,0.684383333,1.925300000,-1.240916667,1.925300000
2012-04-17 14:15,0.685483333,1.917866667,-1.232383333,1.917866667
2012-04-17 14:14,0.699750000,1.962183333,-1.262433333,1.962183333
2012-04-17 14:13,0.647783333,1.980300000,-1.332516667,1.980300000
2012-04-17 14:12,0.583050000,1.942866667,-1.359816667,1.942866667
2012-04-17 14:11,0.583783333,1.977533333,-1.393750000,1.977533333
2012-04-17 14:10,0.616083333,1.966800000,-1.350716667,1.966800000
2012-04-17 14:09,0.652366667,1.984183333,-1.331816667,1.984183333
2012-04-17 14:08,0.651866667,2.002016667,-1.350150000,2.002016667
2012-04-17 14:07,0.652266667,2.019050000,-1.366783333,2.019050000
2012-04-17 14:06,0.641650000,2.056483333,-1.414833333,2.056483333
2012-04-17 14:05,0.573833333,2.034100000,-1.460266667,2.034100000
2012-04-17 14:04,0.579583333,2.021283333,-1.441700000,2.021283333
2012-04-17 14:03,0.572450000,2.017416667,-1.444966667,2.017416667
2012-04-17 14:02,0.572800000,2.015350000,-1.442550000,2.015350000
2012-04-17 14:01,0.573700000,2.002966667,-1.429266667,2.002966667
2012-04-17 14:00,0.573983333,2.002066667,-1.428083333,2.002066667
2012-04-17 13:59,1.058633333,2.038383333,-0.979750000,2.038383333
2012-04-17 13:58,0.866800000,2.007633333,-1.140833333,2.007633333
2012-04-17 13:57,0.572316667,1.937683333,-1.365366667,1.937683333
2012-04-17 13:56,0.572633333,1.933666667,-1.361033333,1.933666667
2012-04-17 13:55,0.624983333,1.934000000,-1.309016667,1.934000000
2012-04-17 13:54,0.697000000,1.976250000,-1.279250000,1.976250000
2012-04-17 13:53,0.690100000,1.956316667,-1.266216667,1.956316667
2012-04-17 13:52,0.695983333,1.961516667,-1.265533333,1.961516667
2012-04-17 13:51,0.667250000,1.755550000,-1.088300000,1.755550000
2012-04-17 13:50,0.620500000,1.674900000,-1.054400000,1.674900000
2012-04-17 13:49,0.620666667,1.695850000,-1.075183333,1.695850000
2012-04-17 13:48,0.622733333,1.749583333,-1.126850000,1.749583333
2012-04-17 13:47,0.624983333,1.449450000,-0.824466667,1.449450000
2012-04-17 13:46,0.627116667,1.458133333,-0.831016667,1.458133333
2012-04-17 13:45,0.632800000,1.784716667,-1.151916667,1.784716667
2012-04-17 13:44,0.641733333,1.850883333,-1.209150000,1.850883333
2012-04-17 13:43,0.637666667,1.881416667,-1.243750000,1.881416667
2012-04-17 13:42,0.665633333,1.842633333,-1.177000000,1.842633333
2012-04-17 13:41,0.656416667,1.853233333,-1.196816667,1.853233333
2012-04-17 13:40,0.683483333,1.821966667,-1.138483333,1.821966667
2012-04-17 13:39,0.640466667,1.818450000,-1.177983333,1.818450000
2012-04-17 13:38,0.640750000,1.807283333,-1.166533333,1.807283333
2012-04-17 13:37,0.649933333,1.877850000,-1.227916667,1.877850000
2012-04-17 13:36,0.599833333,1.815083333,-1.215250000,1.815083333
2012-04-17 13:35,0.573633333,1.951800000,-1.378166667,1.951800000
2012-04-17 13:34,0.579883333,1.972983333,-1.393100000,1.972983333
2012-04-17 13:33,0.573733333,1.978283333,-1.404550000,1.978283333
2012-04-17 13:32,0.573400000,1.947900000,-1.374500000,1.947900000
2012-04-17 13:31,0.574133333,1.906416667,-1.332283333,1.906416667
2012-04-17 13:30,0.574083333,1.869750000,-1.295666667,1.869750000
2012-04-17 13:29,0.574550000,1.856800000,-1.282250000,1.856800000
2012-04-17 13:28,0.573316667,1.847616667,-1.274300000,1.847616667
2012-04-17 13:27,0.570783333,1.860100000,-1.289316667,1.860100000
2012-04-17 13:26,0.570116667,1.824966667,-1.254850000,1.824966667
2012-04-17 13:25,0.636950000,1.780716667,-1.143766667,1.780716667
2012-04-17 13:24,0.646516667,1.789750000,-1.143233333,1.789750000
2012-04-17 13:23,0.654983333,1.792850000,-1.137866667,1.792850000
2012-04-17 13:22,0.681633333,1.764666667,-1.083033333,1.764666667
2012-04-17 13:21,0.588583333,1.797150000,-1.208566667,1.797150000
2012-04-17 13:20,0.589616667,1.833966667,-1.244350000,1.833966667
2012-04-17 13:19,0.588150000,1.770800000,-1.182650000,1.770800000
2012-04-17 13:18,0.587400000,1.708483333,-1.121083333,1.708483333
2012-04-17 13:17,0.588183333,1.699833333,-1.111650000,1.699833333
2012-04-17 13:16,1.015600000,1.674516667,-0.658916667,1.674516667
2012-04-17 13:15,0.903000000,1.631883333,-0.728883333,1.631883333
2012-04-17 13:14,0.594533333,1.641300000,-1.046766667,1.641300000
2012-04-17 13:13,0.635100000,1.651100000,-1.016000000,1.651100000
2012-04-17 13:12,0.638166667,1.632433333,-0.994266667,1.632433333
2012-04-17 13:11,0.645633333,1.599733333,-0.954100000,1.599733333
2012-04-17 13:10,0.764800000,1.575550000,-0.810750000,1.575550000
2012-04-17 13:09,0.807000000,1.625183333,-0.818183333,1.625183333
2012-04-17 13:08,0.807316667,1.549766667,-0.742450000,1.549766667
2012-04-17 13:07,0.816166667,1.462933333,-0.646766667,1.462933333
2012-04-17 13:06,0.732066667,1.628183333,-0.896116667,1.628183333
2012-04-17 13:05,0.733250000,1.658233333,-0.924983333,1.658233333
2012-04-17 13:04,0.743300000,1.803816667,-1.060516667,1.803816667
2012-04-17 13:03,0.739000000,1.862233333,-1.123233333,1.862233333
2012-04-17 13:02,0.738766667,1.679866667,-0.941100000,1.679866667
2012-04-17 13:01,0.741933333,1.731700000,-0.989766667,1.731700000
2012-04-17 13:00,0.745650000,1.793950000,-1.048300000,1.793950000
2012-04-17 12:59,0.730250000,1.713300000,-0.983050000,1.713300000
2012-04-17 12:58,0.680150000,1.570000000,-0.889850000,1.570000000
2012-04-17 12:57,0.678800000,1.504716667,-0.825916667,1.504716667
2012-04-17 12:56,0.692200000,1.365183333,-0.672983333,1.365183333
2012-04-17 12:55,0.747716667,1.292766667,-0.545050000,1.292766667
2012-04-17 12:54,0.755583333,1.356816667,-0.601233333,1.356816667
2012-04-17 12:53,0.752500000,1.509150000,-0.756650000,1.509150000
2012-04-17 12:52,0.756850000,1.493166667,-0.736316667,1.493166667
2012-04-17 12:51,0.685283333,1.623550000,-0.938266667,1.623550000
2012-04-17 12:50,0.686033333,1.531750000,-0.845716667,1.531750000
2012-04-17 12:49,0.693266667,1.659166667,-0.965900000,1.659166667
2012-04-17 12:48,0.650216667,1.642266667,-0.992050000,1.642266667
2012-04-17 12:47,0.586216667,1.702233333,-1.116016667,1.702233333
2012-04-17 12:46,0.586433333,1.693000000,-1.106566667,1.693000000
2012-04-17 12:45,0.585683333,1.676166667,-1.090483333,1.676166667
2012-04-17 12:44,0.589166667,1.423500000,-0.834333333,1.423500000
2012-04-17 12:43,0.579500000,1.147833333,-0.568333333,1.147833333
2012-04-17 12:42,0.580683333,1.222650000,-0.641966667,1.222650000
2012-04-17 12:41,0.603366667,1.336700000,-0.733333333,1.336700000
2012-04-17 12:40,0.647833333,1.470800000,-0.822966667,1.470800000
2012-04-17 12:39,0.649216667,1.620950000,-0.971733333,1.620950000
2012-04-17 12:38,0.651133333,1.585833333,-0.934700000,1.585833333
2012-04-17 12:37,0.648983333,1.435400000,-0.786416667,1.435400000
2012-04-17 12:36,0.577783333,1.442000000,-0.864216667,1.442000000
2012-04-17 12:35,0.580166667,1.597050000,-1.016883333,1.597050000
2012-04-17 12:34,0.587533333,1.648566667,-1.061033333,1.648566667
2012-04-17 12:33,0.692133333,1.542950000,-0.850816667,1.542950000
2012-04-17 12:32,1.263283333,1.337966667,-0.074683333,1.337966667
2012-04-17 12:31,0.626500000,1.417533333,-0.791033333,1.417533333
2012-04-17 12:30,0.627000000,1.362316667,-0.735316667,1.362316667
2012-04-17 12:29,0.627450000,1.325183333,-0.697733333,1.325183333
2012-04-17 12:28,0.627966667,1.324366667,-0.696400000,1.324366667
2012-04-17 12:27,0.632750000,1.462766667,-0.830016667,1.462766667
2012-04-17 12:26,0.663466667,1.537283333,-0.873816667,1.537283333
2012-04-17 12:25,0.707716667,1.521466667,-0.813750000,1.521466667
2012-04-17 12:24,0.720383333,1.469500000,-0.749116667,1.469500000
2012-04-17 12:23,0.716866667,1.463150000,-0.746283333,1.463150000
2012-04-17 12:22,0.708216667,1.567333333,-0.859116667,1.567333333
2012-04-17 12:21,0.646333333,1.499983333,-0.853650000,1.499983333
2012-04-17 12:20,0.646750000,1.341300000,-0.694550000,1.341300000
2012-04-17 12:19,0.651350000,1.328666667,-0.677316667,1.328666667
2012-04-17 12:18,0.617750000,1.333150000,-0.715400000,1.333150000
2012-04-17 12:17,0.584550000,1.319316667,-0.734766667,1.319316667
2012-04-17 12:16,0.585500000,1.370250000,-0.784750000,1.370250000
2012-04-17 12:15,0.585066667,1.370850000,-0.785783333,1.370850000
2012-04-17 12:14,0.590116667,1.313050000,-0.722933333,1.313050000
2012-04-17 12:13,0.584583333,1.416850000,-0.832266667,1.416850000
2012-04-17 12:12,0.588550000,1.556900000,-0.968350000,1.556900000
2012-04-17 12:11,0.617900000,1.471183333,-0.853283333,1.471183333
2012-04-17 12:10,0.655583333,1.272366667,-0.616783333,1.272366667
2012-04-17 12:09,0.657066667,1.331233333,-0.674166667,1.331233333
2012-04-17 12:08,0.651483333,1.221516667,-0.570033333,1.221516667
2012-04-17 12:07,0.634700000,1.116816667,-0.482116667,1.116816667
2012-04-17 12:06,0.576383333,1.133800000,-0.557416667,1.133800000
2012-04-17 12:05,0.576700000,1.174766667,-0.598066667,1.174766667
2012-04-17 12:04,0.583916667,1.147650000,-0.563733333,1.147650000
2012-04-17 12:03,0.575233333,1.037600000,-0.462366667,1.037600000
2012-04-17 12:02,0.575683333,1.054916667,-0.479233333,1.054916667
2012-04-17 12:01,0.573966667,0.997583333,-0.423616667,0.997583333
2012-04-17 12:00,0.576833333,1.133516667,-0.556683333,1.133516667
2012-04-17 11:59,0.578083333,1.220333333,-0.642250000,1.220333333
2012-04-17 11:58,0.578050000,1.220716667,-0.642666667,1.220716667
2012-04-17 11:57,0.576950000,1.164166667,-0.587216667,1.164166667
2012-04-17 11:56,0.609300000,1.145733333,-0.536433333,1.145733333
2012-04-17 11:55,0.646933333,1.181616667,-0.534683333,1.181616667
2012-04-17 11:54,0.652350000,1.074666667,-0.422316667,1.074666667
2012-04-17 11:53,0.649450000,1.062883333,-0.413433333,1.062883333
2012-04-17 11:52,0.648016667,1.080550000,-0.432533333,1.080550000
2012-04-17 11:51,1.331133333,1.065050000,0.266083333,1.065050000
2012-04-17 11:50,0.682483333,1.024800000,-0.342316667,1.024800000
2012-04-17 11:49,0.723833333,0.989000000,-0.265166667,0.989000000
2012-04-17 11:48,0.722716667,0.901416667,-0.178700000,0.901416667
2012-04-17 11:47,0.728666667,0.907766667,-0.179100000,0.907766667
2012-04-17 11:46,0.732350000,0.979266667,-0.246916667,0.979266667
2012-04-17 11:45,0.734050000,0.979400000,-0.245350000,0.979400000
2012-04-17 11:44,0.740733333,0.959316667,-0.218583333,0.959316667
2012-04-17 11:43,0.737116667,0.989116667,-0.252000000,0.989116667
2012-04-17 11:42,0.738766667,0.965966667,-0.227200000,0.965966667
2012-04-17 11:41,0.767316667,0.955850000,-0.188533333,0.955850000
2012-04-17 11:40,0.805150000,0.985383333,-0.180233333,0.985383333
2012-04-17 11:39,0.811666667,1.163666667,-0.352000000,1.163666667
2012-04-17 11:38,0.820650000,1.226033333,-0.405383333,1.226033333
2012-04-17 11:37,0.756933333,1.180716667,-0.423783333,1.180716667
2012-04-17 11:36,0.681050000,1.186066667,-0.505016667,1.186066667
2012-04-17 11:35,0.680266667,1.057950000,-0.377683333,1.057950000
2012-04-17 11:34,0.689783333,1.025233333,-0.335450000,1.025233333
2012-04-17 11:33,0.687366667,0.924233333,-0.236866667,0.924233333
2012-04-17 11:32,0.686783333,0.892366667,-0.205583333,0.892366667
2012-04-17 11:31,0.690016667,0.947366667,-0.257350000,0.947366667
2012-04-17 11:30,0.696250000,0.865066667,-0.168816667,0.865066667
2012-04-17 11:29,0.652683333,0.796800000,-0.144116667,0.796800000
2012-04-17 11:28,0.582416667,0.773950000,-0.191533333,0.773950000
2012-04-17 11:27,0.584516667,0.781900000,-0.197383333,0.781900000
2012-04-17 11:26,0.617433333,0.810800000,-0.193366667,0.810800000
2012-04-17 11:25,0.655633333,0.796583333,-0.140950000,0.796583333
2012-04-17 11:24,0.660483333,0.784650000,-0.124166667,0.784650000
2012-04-17 11:23,0.658183333,0.884933333,-0.226750000,0.884933333
2012-04-17 11:22,0.647733333,0.958916667,-0.311183333,0.958916667
2012-04-17 11:21,0.586100000,1.013800000,-0.427700000,1.013800000
2012-04-17 11:20,0.585933333,1.013416667,-0.427483333,1.013416667
2012-04-17 11:19,0.584916667,0.987233333,-0.402316667,0.987233333
2012-04-17 11:18,0.582683333,0.816300000,-0.233616667,0.816300000
2012-04-17 11:17,0.582150000,0.785016667,-0.202866667,0.785016667
2012-04-17 11:16,0.583033333,0.883600000,-0.300566667,0.883600000
2012-04-17 11:15,0.585633333,1.032333333,-0.446700000,1.032333333
2012-04-17 11:14,0.706333333,1.090033333,-0.383700000,1.090033333
2012-04-17 11:13,0.725600000,1.112033333,-0.386433333,1.112033333
2012-04-17 11:12,0.724716667,1.024850000,-0.300133333,1.024850000
2012-04-17 11:11,0.778666667,0.947850000,-0.169183333,0.947850000
2012-04-17 11:10,0.840683333,0.989333333,-0.148650000,0.989333333
2012-04-17 11:09,0.833816667,0.820716667,0.013100000,0.820716667
2012-04-17 11:08,0.825883333,0.737450000,0.088433333,0.737450000
2012-04-17 11:07,1.088433333,0.744116667,0.344316667,0.744116667
2012-04-17 11:06,0.988933333,0.847383333,0.141550000,0.847383333
2012-04-17 11:05,0.627583333,0.821716667,-0.194133333,0.821716667
2012-04-17 11:04,0.636183333,0.895133333,-0.258950000,0.895133333
2012-04-17 11:03,0.632233333,1.052116667,-0.419883333,1.052116667
2012-04-17 11:02,0.636300000,1.254183333,-0.617883333,1.254183333
2012-04-17 11:01,0.638450000,1.259600000,-0.621150000,1.259600000
2012-04-17 11:00,0.638950000,1.245233333,-0.606283333,1.245233333
2012-04-17 10:59,0.639933333,1.215850000,-0.575916667,1.215850000
2012-04-17 10:58,0.643150000,1.186533333,-0.543383333,1.186533333
2012-04-17 10:57,0.662166667,1.154400000,-0.492233333,1.154400000
2012-04-17 10:56,0.599383333,1.094116667,-0.494733333,1.094116667
2012-04-17 10:55,0.646600000,1.020133333,-0.373533333,1.020133333
2012-04-17 10:54,0.652350000,0.996466667,-0.344116667,0.996466667
2012-04-17 10:53,0.647283333,0.953383333,-0.306100000,0.953383333
2012-04-17 10:52,0.649433333,0.984983333,-0.335550000,0.984983333
2012-04-17 10:51,0.575583333,0.899900000,-0.324316667,0.899900000
2012-04-17 10:50,0.575716667,0.868566667,-0.292850000,0.868566667
2012-04-17 10:49,0.575466667,0.855550000,-0.280083333,0.855550000
2012-04-17 10:48,0.575900000,0.817333333,-0.241433333,0.817333333
2012-04-17 10:47,0.580950000,0.842650000,-0.261700000,0.842650000
2012-04-17 10:46,0.581150000,0.759583333,-0.178433333,0.759583333
2012-04-17 10:45,0.582150000,0.922133333,-0.339983333,0.922133333
2012-04-17 10:44,0.589850000,0.913850000,-0.324000000,0.913850000
2012-04-17 10:43,0.583950000,0.839433333,-0.255483333,0.839433333
2012-04-17 10:42,0.582566667,0.626383333,-0.043816667,0.626383333
2012-04-17 10:41,0.602266667,0.690166667,-0.087900000,0.690166667
2012-04-17 10:40,0.645533333,0.640016667,0.005516667,0.640016667
2012-04-17 10:39,0.646166667,0.751700000,-0.105533333,0.751700000
2012-04-17 10:38,0.646533333,0.715683333,-0.069150000,0.715683333
2012-04-17 10:37,0.653800000,0.653450000,0.000350000,0.653450000
2012-04-17 10:36,0.576016667,0.655083333,-0.079066667,0.655083333
2012-04-17 10:35,0.577750000,0.702983333,-0.125233333,0.702983333
2012-04-17 10:34,0.584750000,0.751200000,-0.166450000,0.751200000
2012-04-17 10:33,0.577616667,0.764633333,-0.187016667,0.764633333
2012-04-17 10:32,0.633483333,0.767116667,-0.133633333,0.767116667
2012-04-17 10:31,0.674866667,0.754150000,-0.079283333,0.754150000
2012-04-17 10:30,0.685433333,0.737000000,-0.051566667,0.737000000
2012-04-17 10:29,0.722766667,0.720733333,0.002033333,0.720733333
2012-04-17 10:28,0.722283333,0.704266667,0.018016667,0.704266667
2012-04-17 10:27,0.723433333,0.692050000,0.031383333,0.692050000
2012-04-17 10:26,0.748683333,0.679250000,0.069433333,0.679250000
2012-04-17 10:25,0.805666667,0.667716667,0.137950000,0.667716667
2012-04-17 10:24,0.813033333,0.655183333,0.157850000,0.655183333
2012-04-17 10:23,0.809466667,0.643916667,0.165550000,0.643916667
2012-04-17 10:22,0.821366667,0.632933333,0.188433333,0.632933333
2012-04-17 10:21,1.472483333,0.622266667,0.850216667,0.622266667
2012-04-17 10:20,0.775700000,0.611016667,0.164683333,0.611016667
2012-04-17 10:19,0.741550000,0.598983333,0.142566667,0.598983333
2012-04-17 10:18,0.743650000,0.589133333,0.154516667,0.589133333
2012-04-17 10:17,0.746250000,0.579150000,0.167100000,0.579150000
2012-04-17 10:16,0.749133333,0.568100000,0.181033333,0.568100000
2012-04-17 10:15,0.729600000,0.557083333,0.172516667,0.557083333
2012-04-17 10:14,0.692266667,0.545966667,0.146300000,0.545966667
2012-04-17 10:13,0.688583333,0.534566667,0.154016667,0.534566667
2012-04-17 10:12,0.694333333,0.525150000,0.169183333,0.525150000
2012-04-17 10:11,0.660583333,0.515666667,0.144916667,0.515666667
2012-04-17 10:10,0.647216667,0.505450000,0.141766667,0.505450000
2012-04-17 10:09,0.645833333,0.495500000,0.150333333,0.495500000
2012-04-17 10:08,0.646583333,0.484900000,0.161683333,0.484900000
2012-04-17 10:07,0.658466667,0.473700000,0.184766667,0.473700000
2012-04-17 10:06,0.574266667,0.463983333,0.110283333,0.463983333
2012-04-17 10:05,0.573516667,0.452983333,0.120533333,0.452983333
2012-04-17 10:04,0.580116667,0.442950000,0.137166667,0.442950000
2012-04-17 10:03,0.572566667,0.433550000,0.139016667,0.433550000
2012-04-17 10:02,0.572400000,0.421100000,0.151300000,0.421100000
2012-04-17 10:01,0.573050000,0.411650000,0.161400000,0.411650000
2012-04-17 10:00,0.573866667,0.397933333,0.175933333,0.397933333
2012-04-17 09:59,0.572816667,0.386150000,0.186666667,0.386150000
2012-04-17 09:58,0.572983333,0.382933333,0.190050000,0.382933333
2012-04-17 09:57,0.572183333,0.375550000,0.196633333,0.375550000
2012-04-17 09:56,0.574516667,0.366833333,0.207683333,0.366833333
2012-04-17 09:55,0.643883333,0.356866667,0.287016667,0.356866667
2012-04-17 09:54,0.650466667,0.347266667,0.303200000,0.347266667
2012-04-17 09:53,0.644466667,0.337983333,0.306483333,0.337983333
2012-04-17 09:52,0.664733333,0.326283333,0.338450000,0.326283333
2012-04-17 09:51,0.573900000,0.317300000,0.256600000,0.317300000
2012-04-17 09:50,0.575000000,0.308100000,0.266900000,0.308100000
2012-04-17 09:49,0.574216667,0.298600000,0.275616667,0.298600000
2012-04-17 09:48,0.616250000,0.290816667,0.325433333,0.290816667
2012-04-17 09:47,0.626733333,0.282283333,0.344450000,0.282283333
2012-04-17 09:46,0.627700000,0.272716667,0.354983333,0.272716667
2012-04-17 09:45,0.628533333,0.264183333,0.364350000,0.264183333
2012-04-17 09:44,0.636383333,0.255533333,0.380850000,0.255533333
2012-04-17 09:43,0.629616667,0.247400000,0.382216667,0.247400000
2012-04-17 09:42,0.629900000,0.238983333,0.390916667,0.238983333
2012-04-17 09:41,0.632233333,0.229650000,0.402583333,0.229650000
2012-04-17 09:40,0.695000000,0.221866667,0.473133333,0.221866667
2012-04-17 09:39,0.698483333,0.213333333,0.485150000,0.213333333
2012-04-17 09:38,0.698800000,0.204066667,0.494733333,0.204066667
2012-04-17 09:37,0.727883333,0.194600000,0.533283333,0.194600000
2012-04-17 09:36,0.632816667,0.188816667,0.444000000,0.188816667
2012-04-17 09:35,1.029266667,0.183500000,0.845766667,0.183500000
2012-04-17 09:34,1.033850000,0.176666667,0.857183333,0.176666667
2012-04-17 09:33,0.573083333,0.169800000,0.403283333,0.169800000
2012-04-17 09:32,0.572833333,0.164166667,0.408666667,0.164166667
2012-04-17 09:31,0.572783333,0.157050000,0.415733333,0.157050000
2012-04-17 09:30,0.572383333,0.151133333,0.421250000,0.151133333
2012-04-17 09:29,0.579816667,0.144133333,0.435683333,0.144133333
2012-04-17 09:28,0.580833333,0.138916667,0.441916667,0.138916667
2012-04-17 09:27,0.581766667,0.133800000,0.447966667,0.133800000
2012-04-17 09:26,0.581066667,0.128133333,0.452933333,0.128133333
2012-04-17 09:25,0.631466667,0.122366667,0.509100000,0.122366667
2012-04-17 09:24,0.645616667,0.116733333,0.528883333,0.116733333
2012-04-17 09:23,0.638533333,0.111433333,0.527100000,0.111433333
2012-04-17 09:22,0.649683333,0.105883333,0.543800000,0.105883333
2012-04-17 09:21,0.593300000,0.102216667,0.491083333,0.102216667
2012-04-17 09:20,0.597500000,0.098316667,0.499183333,0.098316667
2012-04-17 09:19,0.622850000,0.094550000,0.528300000,0.094550000
2012-04-17 09:18,0.622400000,0.090633333,0.531766667,0.090633333
2012-04-17 09:17,0.621000000,0.087033333,0.533966667,0.087033333
2012-04-17 09:16,0.621516667,0.083350000,0.538166667,0.083350000
2012-04-17 09:15,0.624133333,0.080600000,0.543533333,0.080600000
2012-04-17 09:14,0.602583333,0.077866667,0.524716667,0.077866667
2012-04-17 09:13,0.669066667,0.075916667,0.593150000,0.075916667
2012-04-17 09:12,0.712350000,0.074300000,0.638050000,0.074300000
2012-04-17 09:11,0.712233333,0.072633333,0.639600000,0.072633333
2012-04-17 09:10,0.772200000,0.071133333,0.701066667,0.071133333
2012-04-17 09:09,0.785433333,0.069850000,0.715583333,0.069850000
2012-04-17 09:08,1.265333333,0.068500000,1.196833333,0.068500000
2012-04-17 09:07,1.106600000,0.067783333,1.038816667,0.067783333
2012-04-17 09:06,0.797066667,0.067500000,0.729566667,0.067500000
2012-04-17 09:05,0.922533333,0.067250000,0.855283333,0.067250000
2012-04-17 09:04,1.311700000,0.066766667,1.244933333,0.066766667
2012-04-17 09:03,1.306533333,0.066600000,1.239933333,0.066600000
2012-04-17 09:02,1.307416667,0.066333333,1.241083333,0.066333333
2012-04-17 09:01,1.306033333,0.066116667,1.239916667,0.066116667
2012-04-17 09:00,1.308916667,0.065833333,1.243083333,0.065833333
2012-04-17 08:59,1.308950000,0.065583333,1.243366667,0.065583333
2012-04-17 08:58,1.308683333,0.065583333,1.243100000,0.065583333
2012-04-17 08:57,1.310416667,0.065233333,1.245183333,0.065233333
2012-04-17 08:56,1.313216667,0.064933333,1.248283333,0.064933333
2012-04-17 08:55,1.371200000,0.064583333,1.306616667,0.064583333
2012-04-17 08:54,1.395350000,0.064266667,1.331083333,0.064266667
2012-04-17 08:53,1.395766667,0.063783333,1.331983333,0.063783333
2012-04-17 08:52,1.340016667,0.063566667,1.276450000,0.063566667
2012-04-17 08:51,1.259083333,0.063300000,1.195783333,0.063300000
2012-04-17 08:50,1.547033333,0.063183333,1.483850000,0.063183333
2012-04-17 08:49,1.538216667,0.062666667,1.475550000,0.062666667
2012-04-17 08:48,1.153266667,0.062166667,1.091100000,0.062166667
2012-04-17 08:47,1.158550000,0.061716667,1.096833333,0.061716667
2012-04-17 08:46,1.160466667,0.061483333,1.098983333,0.061483333
2012-04-17 08:45,1.157433333,0.061483333,1.095950000,0.061483333
2012-04-17 08:44,1.163716667,0.061250000,1.102466667,0.061250000
2012-04-17 08:43,1.159050000,0.060816667,1.098233333,0.060816667
2012-04-17 08:42,1.159083333,0.060200000,1.098883333,0.060200000
2012-04-17 08:41,0.781500000,0.060200000,0.721300000,0.060200000
2012-04-17 08:40,0.637683333,0.059850000,0.577833333,0.059850000
2012-04-17 08:39,0.683466667,0.059266667,0.624200000,0.059266667
2012-04-17 08:38,0.686200000,0.058150000,0.628050000,0.058150000
2012-04-17 08:37,0.698750000,0.057316667,0.641433333,0.057316667
2012-04-17 08:36,0.749733333,0.056400000,0.693333333,0.056400000
2012-04-17 08:35,0.733816667,0.055600000,0.678216667,0.055600000
2012-04-17 08:34,0.740183333,0.054750000,0.685433333,0.054750000
2012-04-17 08:33,0.733683333,0.054150000,0.679533333,0.054150000
2012-04-17 08:32,0.808083333,0.053166667,0.754916667,0.053166667
2012-04-17 08:31,0.752750000,0.051750000,0.701000000,0.051750000
2012-04-17 08:30,0.643600000,0.050600000,0.593000000,0.050600000
2012-04-17 08:29,0.677983333,0.050050000,0.627933333,0.050050000
2012-04-17 08:28,0.683766667,0.049416667,0.634350000,0.049416667
2012-04-17 08:27,0.684783333,0.050050000,0.634733333,0.050050000
2012-04-17 08:26,0.697650000,0.050050000,0.647600000,0.050050000
2012-04-17 08:25,0.912700000,0.049216667,0.863483333,0.049216667
2012-04-17 08:24,1.303983333,0.048883333,1.255100000,0.048883333
2012-04-17 08:23,1.346200000,0.048533333,1.297666667,0.048533333
2012-04-17 08:22,1.352083333,0.047866667,1.304216667,0.047866667
2012-04-17 08:21,1.376000000,0.047400000,1.328600000,0.047400000
2012-04-17 08:20,1.342400000,0.047166667,1.295233333,0.047166667
2012-04-17 08:19,1.350116667,0.046700000,1.303416667,0.046700000
2012-04-17 08:18,1.351433333,0.046266667,1.305166667,0.046266667
2012-04-17 08:17,1.350800000,0.045750000,1.305050000,0.045750000
2012-04-17 08:16,1.424850000,0.044866667,1.379983333,0.044866667
2012-04-17 08:15,1.758516667,0.043716667,1.714800000,0.043716667
2012-04-17 08:14,1.735600000,0.042900000,1.692700000,0.042900000
2012-04-17 08:13,1.456716667,0.042450000,1.414266667,0.042450000
2012-04-17 08:12,1.406483333,0.042283333,1.364200000,0.042283333
2012-04-17 08:11,1.903816667,0.041200000,1.862616667,0.041200000
2012-04-17 08:10,1.838400000,0.040400000,1.798000000,0.040400000
2012-04-17 08:09,1.834483333,0.039566667,1.794916667,0.039566667
2012-04-17 08:08,1.837400000,0.038383333,1.799016667,0.038383333
2012-04-17 08:07,1.839766667,0.037600000,1.802166667,0.037600000
2012-04-17 08:06,2.227133333,0.035866667,2.191266667,0.035866667
2012-04-17 08:05,3.676616667,0.034583333,3.642033333,0.034583333
2012-04-17 08:04,2.922216667,0.033583333,2.888633333,0.033583333
2012-04-17 08:03,1.872766667,0.032000000,1.840766667,0.032000000
2012-04-17 08:02,2.080500000,0.029466667,2.051033333,0.029466667
2012-04-17 08:01,1.769616667,0.016550000,1.753066667,0.016550000
2012-04-17 08:00,1.772633333,-0.004000000,1.776633333,-0.004000000
2012-04-17 07:59,1.776033333,-0.004000000,1.780033333,-0.004000000
2012-04-17 07:58,2.193233333,-0.004000000,2.197233333,-0.004000000
2012-04-17 07:57,3.498183333,-0.004016667,3.502200000,-0.004016667
2012-04-17 07:56,3.500433333,-0.004016667,3.504450000,-0.004016667
2012-04-17 07:55,2.504283333,-0.003816667,2.508100000,-0.003816667
2012-04-17 07:54,1.619550000,-0.002833333,1.622383333,-0.002833333
2012-04-17 07:53,1.391550000,-0.002150000,1.393700000,-0.002150000
2012-04-17 07:52,1.601033333,-0.002783333,1.603816667,-0.002783333
2012-04-17 07:51,1.931616667,-0.004000000,1.935616667,-0.004000000
2012-04-17 07:50,1.878066667,-0.004000000,1.882066667,-0.004000000
2012-04-17 07:49,1.980533333,-0.004000000,1.984533333,-0.004000000
2012-04-17 07:48,1.774833333,-0.003383333,1.778216667,-0.003383333
2012-04-17 07:47,1.428500000,-0.002266667,1.430766667,-0.002266667
2012-04-17 07:46,1.536950000,-0.002350000,1.539300000,-0.002350000
2012-04-17 07:45,1.956916667,-0.003533333,1.960450000,-0.003533333
2012-04-17 07:44,2.273883333,-0.004000000,2.277883333,-0.004000000
2012-04-17 07:43,2.107050000,-0.002866667,2.109916667,-0.002866667
2012-04-17 07:42,2.103383333,-0.002866667,2.106250000,-0.002866667
2012-04-17 07:41,2.055300000,-0.002666667,2.057966667,-0.002666667
2012-04-17 07:40,2.221766667,-0.002566667,2.224333333,-0.002566667
2012-04-17 07:39,1.803250000,-0.002100000,1.805350000,-0.002100000
2012-04-17 07:38,1.568800000,-0.002000000,1.570800000,-0.002000000
2012-04-17 07:37,1.559650000,-0.002000000,1.561650000,-0.002000000
2012-04-17 07:36,2.135300000,-0.002000000,2.137300000,-0.002000000
2012-04-17 07:35,2.146350000,-0.002000000,2.148350000,-0.002000000
2012-04-17 07:34,1.978083333,-0.002000000,1.980083333,-0.002000000
2012-04-17 07:33,1.330300000,-0.002000000,1.332300000,-0.002000000
2012-04-17 07:32,1.303383333,-0.002000000,1.305383333,-0.002000000
2012-04-17 07:31,1.510166667,-0.002000000,1.512166667,-0.002000000
2012-04-17 07:30,1.535866667,-0.002000000,1.537866667,-0.002000000
2012-04-17 07:29,1.538450000,-0.002000000,1.540450000,-0.002000000
2012-04-17 07:28,1.537983333,-0.002000000,1.539983333,-0.002000000
2012-04-17 07:27,1.556416667,-0.002000000,1.558416667,-0.002000000
2012-04-17 07:26,1.559533333,-0.002000000,1.561533333,-0.002000000
2012-04-17 07:25,1.576450000,-0.002000000,1.578450000,-0.002000000
2012-04-17 07:24,1.860633333,-0.002000000,1.862633333,-0.002000000
2012-04-17 07:23,2.184200000,-0.002000000,2.186200000,-0.002000000
2012-04-17 07:22,1.553783333,-0.002000000,1.555783333,-0.002000000
2012-04-17 07:21,1.553333333,-0.001933333,1.555266667,-0.001933333
2012-04-17 07:20,1.526350000,-0.001800000,1.528150000,-0.001800000
2012-04-17 07:19,1.467400000,-0.001633333,1.469033333,-0.001633333
2012-04-17 07:18,1.473916667,-0.001700000,1.475616667,-0.001700000
2012-04-17 07:17,1.542033333,-0.001383333,1.543416667,-0.001383333
2012-04-17 07:16,1.491666667,-0.001433333,1.493100000,-0.001433333
2012-04-17 07:15,1.531366667,-0.001500000,1.532866667,-0.001500000
2012-04-17 07:14,1.497533333,-0.001666667,1.499200000,-0.001666667
2012-04-17 07:13,1.559266667,-0.001750000,1.561016667,-0.001750000
2012-04-17 07:12,1.528883333,-0.001750000,1.530633333,-0.001750000
2012-04-17 07:11,1.565566667,-0.001850000,1.567416667,-0.001850000
2012-04-17 07:10,1.617800000,-0.001716667,1.619516667,-0.001716667
2012-04-17 07:09,1.673533333,-0.001816667,1.675350000,-0.001816667
2012-04-17 07:08,1.572083333,-0.001716667,1.573800000,-0.001716667
2012-04-17 07:07,1.596466667,-0.001783333,1.598250000,-0.001783333
2012-04-17 07:06,1.579966667,-0.001700000,1.581666667,-0.001700000
2012-04-17 07:05,1.481516667,-0.001783333,1.483300000,-0.001783333
2012-04-17 07:04,1.655150000,-0.001816667,1.656966667,-0.001816667
2012-04-17 07:03,1.712416667,-0.001933333,1.714350000,-0.001933333
2012-04-17 07:02,1.745683333,-0.001783333,1.747466667,-0.001783333
2012-04-17 07:01,1.727433333,-0.001833333,1.729266667,-0.001833333
2012-04-17 07:00,1.681516667,-0.001650000,1.683166667,-0.001650000
2012-04-17 06:59,1.726416667,-0.001616667,1.728033333,-0.001616667
2012-04-17 06:58,1.696100000,-0.001533333,1.697633333,-0.001533333
2012-04-17 06:57,1.669983333,-0.001650000,1.671633333,-0.001650000
2012-04-17 06:56,1.683700000,-0.001666667,1.685366667,-0.001666667
2012-04-17 06:55,1.662400000,-0.001616667,1.664016667,-0.001616667
2012-04-17 06:54,1.780066667,-0.001650000,1.781716667,-0.001650000
2012-04-17 06:53,1.776833333,-0.001883333,1.778716667,-0.001883333
2012-04-17 06:52,1.780233333,-0.001733333,1.781966667,-0.001733333
2012-04-17 06:51,1.747916667,-0.001816667,1.749733333,-0.001816667
2012-04-17 06:50,1.714200000,-0.001833333,1.716033333,-0.001833333
2012-04-17 06:49,1.663916667,-0.001683333,1.665600000,-0.001683333
2012-04-17 06:48,1.581100000,-0.001633333,1.582733333,-0.001633333
2012-04-17 06:47,1.663816667,-0.001666667,1.665483333,-0.001666667
2012-04-17 06:46,1.673300000,-0.001683333,1.674983333,-0.001683333
2012-04-17 06:45,1.671183333,-0.001816667,1.673000000,-0.001816667
2012-04-17 06:44,1.634783333,-0.001666667,1.636450000,-0.001666667
2012-04-17 06:43,1.654116667,-0.001733333,1.655850000,-0.001733333
2012-04-17 06:42,1.595183333,-0.001866667,1.597050000,-0.001866667
2012-04-17 06:41,1.660350000,-0.001866667,1.662216667,-0.001866667
2012-04-17 06:40,1.649700000,-0.001716667,1.651416667,-0.001716667
2012-04-17 06:39,1.742816667,-0.001866667,1.744683333,-0.001866667
2012-04-17 06:38,1.777250000,-0.001950000,1.779200000,-0.001950000
2012-04-17 06:37,2.502600000,-0.000333333,2.502933333,-0.000333333
2012-04-17 06:36,2.580700000,-0.000000000,2.580700000,-0.000000000
2012-04-17 06:35,3.263250000,-0.000133333,3.263383333,-0.000133333
2012-04-17 06:34,2.814633333,-0.000000000,2.814633333,-0.000000000
2012-04-17 06:33,2.155516667,-0.000916667,2.156433333,-0.000916667
2012-04-17 06:32,1.502583333,-0.001766667,1.504350000,-0.001766667
2012-04-17 06:31,1.399133333,-0.001783333,1.400916667,-0.001783333
2012-04-17 06:30,1.401483333,-0.001816667,1.403300000,-0.001816667
2012-04-17 06:29,1.402900000,-0.001850000,1.404750000,-0.001850000
2012-04-17 06:28,1.412366667,-0.001883333,1.414250000,-0.001883333
2012-04-17 06:27,1.405783333,-0.001816667,1.407600000,-0.001816667
2012-04-17 06:26,1.405950000,-0.001866667,1.407816667,-0.001866667
2012-04-17 06:25,1.459233333,-0.001800000,1.461033333,-0.001800000
2012-04-17 06:24,1.496166667,-0.001900000,1.498066667,-0.001900000
2012-04-17 06:23,1.499300000,-0.001966667,1.501266667,-0.001966667
2012-04-17 06:22,1.547916667,-0.001966667,1.549883333,-0.001966667
2012-04-17 06:21,1.525666667,-0.001983333,1.527650000,-0.001983333
2012-04-17 06:20,1.473233333,-0.001983333,1.475216667,-0.001983333
2012-04-17 06:19,1.470183333,-0.001933333,1.472116667,-0.001933333
2012-04-17 06:18,1.479416667,-0.001966667,1.481383333,-0.001966667
2012-04-17 06:17,1.489500000,-0.001966667,1.491466667,-0.001966667
2012-04-17 06:16,1.463933333,-0.001983333,1.465916667,-0.001983333
2012-04-17 06:15,1.465116667,-0.001983333,1.467100000,-0.001983333
2012-04-17 06:14,1.482100000,-0.002000000,1.484100000,-0.002000000
2012-04-17 06:13,1.473150000,-0.001950000,1.475100000,-0.001950000
2012-04-17 06:12,1.447533333,-0.001900000,1.449433333,-0.001900000
2012-04-17 06:11,1.361666667,-0.001800000,1.363466667,-0.001800000
2012-04-17 06:10,1.432433333,-0.001883333,1.434316667,-0.001883333
2012-04-17 06:09,1.463716667,-0.001700000,1.465416667,-0.001700000
2012-04-17 06:08,2.279450000,-0.000233333,2.279683333,-0.000233333
2012-04-17 06:07,2.709283333,-0.000383333,2.709666667,-0.000383333
2012-04-17 06:06,1.721233333,-0.001500000,1.722733333,-0.001500000
2012-04-17 06:05,1.640200000,-0.001333333,1.641533333,-0.001333333
2012-04-17 06:04,1.257766667,-0.001116667,1.258883333,-0.001116667
2012-04-17 06:03,0.975650000,-0.000883333,0.976533333,-0.000883333
2012-04-17 06:02,0.961516667,-0.001083333,0.962600000,-0.001083333
2012-04-17 06:01,0.961700000,-0.001033333,0.962733333,-0.001033333
2012-04-17 06:00,0.962816667,-0.001050000,0.963866667,-0.001050000
2012-04-17 05:59,0.963000000,-0.001016667,0.964016667,-0.001016667
2012-04-17 05:58,0.964266667,-0.001150000,0.965416667,-0.001150000
2012-04-17 05:57,0.963816667,-0.001200000,0.965016667,-0.001200000
2012-04-17 05:56,0.964116667,-0.001133333,0.965250000,-0.001133333
2012-04-17 05:55,1.026483333,-0.001266667,1.027750000,-0.001266667
2012-04-17 05:54,1.041683333,-0.001250000,1.042933333,-0.001250000
2012-04-17 05:53,1.036483333,-0.001316667,1.037800000,-0.001316667
2012-04-17 05:52,1.043616667,-0.001250000,1.044866667,-0.001250000
2012-04-17 05:51,0.993216667,-0.001516667,0.994733333,-0.001516667
2012-04-17 05:50,0.928316667,-0.001566667,0.929883333,-0.001566667
2012-04-17 05:49,0.919566667,-0.001550000,0.921116667,-0.001550000
2012-04-17 05:48,0.919233333,-0.001316667,0.920550000,-0.001316667
2012-04-17 05:47,0.923216667,-0.001516667,0.924733333,-0.001516667
2012-04-17 05:46,0.925300000,-0.001466667,0.926766667,-0.001466667
2012-04-17 05:45,0.924933333,-0.001433333,0.926366667,-0.001433333
2012-04-17 05:44,0.932033333,-0.001450000,0.933483333,-0.001450000
2012-04-17 05:43,0.925616667,-0.001566667,0.927183333,-0.001566667
2012-04-17 05:42,0.925400000,-0.001483333,0.926883333,-0.001483333
2012-04-17 05:41,0.979700000,-0.001483333,0.981183333,-0.001483333
2012-04-17 05:40,1.042116667,-0.001533333,1.043650000,-0.001533333
2012-04-17 05:39,1.046700000,-0.001700000,1.048400000,-0.001700000
2012-04-17 05:38,1.040766667,-0.001516667,1.042283333,-0.001516667
2012-04-17 05:37,1.780533333,-0.000066667,1.780600000,-0.000066667
2012-04-17 05:36,1.032083333,-0.001633333,1.033716667,-0.001633333
2012-04-17 05:35,0.972400000,-0.001650000,0.974050000,-0.001650000
2012-04-17 05:34,0.979650000,-0.001533333,0.981183333,-0.001533333
2012-04-17 05:33,0.974783333,-0.001450000,0.976233333,-0.001450000
2012-04-17 05:32,0.975483333,-0.001433333,0.976916667,-0.001433333
2012-04-17 05:31,0.977333333,-0.001400000,0.978733333,-0.001400000
2012-04-17 05:30,0.979250000,-0.001516667,0.980766667,-0.001516667
2012-04-17 05:29,0.980733333,-0.001533333,0.982266667,-0.001533333
2012-04-17 05:28,0.983900000,-0.001633333,0.985533333,-0.001633333
2012-04-17 05:27,0.990800000,-0.001500000,0.992300000,-0.001500000
2012-04-17 05:26,0.931150000,-0.001366667,0.932516667,-0.001366667
2012-04-17 05:25,0.991866667,-0.001383333,0.993250000,-0.001383333
2012-04-17 05:24,0.999866667,-0.001450000,1.001316667,-0.001450000
2012-04-17 05:23,0.996966667,-0.001516667,0.998483333,-0.001516667
2012-04-17 05:22,1.012433333,-0.001466667,1.013900000,-0.001466667
2012-04-17 05:21,0.926166667,-0.001383333,0.927550000,-0.001383333
2012-04-17 05:20,0.927216667,-0.001500000,0.928716667,-0.001500000
2012-04-17 05:19,0.924150000,-0.001550000,0.925700000,-0.001550000
2012-04-17 05:18,0.923700000,-0.001383333,0.925083333,-0.001383333
2012-04-17 05:17,0.924100000,-0.001483333,0.925583333,-0.001483333
2012-04-17 05:16,0.924416667,-0.001566667,0.925983333,-0.001566667
2012-04-17 05:15,0.923483333,-0.001433333,0.924916667,-0.001433333
2012-04-17 05:14,0.931150000,-0.001383333,0.932533333,-0.001383333
2012-04-17 05:13,0.924833333,-0.001466667,0.926300000,-0.001466667
2012-04-17 05:12,0.924033333,-0.001416667,0.925450000,-0.001416667
2012-04-17 05:11,0.948800000,-0.001616667,0.950416667,-0.001616667
2012-04-17 05:10,1.044900000,-0.001616667,1.046516667,-0.001616667
2012-04-17 05:09,1.095966667,-0.001683333,1.097650000,-0.001683333
2012-04-17 05:08,1.095150000,-0.001750000,1.096900000,-0.001750000
2012-04-17 05:07,1.099416667,-0.001750000,1.101166667,-0.001750000
2012-04-17 05:06,1.024783333,-0.001783333,1.026566667,-0.001783333
2012-04-17 05:05,1.025166667,-0.001883333,1.027050000,-0.001883333
2012-04-17 05:04,1.029233333,-0.001900000,1.031133333,-0.001900000
2012-04-17 05:03,1.022800000,-0.001850000,1.024650000,-0.001850000
2012-04-17 05:02,1.022483333,-0.001750000,1.024233333,-0.001750000
2012-04-17 05:01,1.022900000,-0.001983333,1.024883333,-0.001983333
2012-04-17 05:00,1.050883333,-0.001883333,1.052766667,-0.001883333
2012-04-17 04:59,1.070516667,-0.001800000,1.072316667,-0.001800000
2012-04-17 04:58,1.072316667,-0.001716667,1.074033333,-0.001716667
2012-04-17 04:57,1.073450000,-0.001766667,1.075216667,-0.001766667
2012-04-17 04:56,1.287283333,-0.001366667,1.288650000,-0.001366667
2012-04-17 04:55,1.725183333,-0.000450000,1.725633333,-0.000450000
2012-04-17 04:54,1.154000000,-0.001750000,1.155750000,-0.001750000
2012-04-17 04:53,1.151616667,-0.001733333,1.153350000,-0.001733333
2012-04-17 04:52,1.140783333,-0.001700000,1.142483333,-0.001700000
2012-04-17 04:51,1.084683333,-0.001750000,1.086433333,-0.001750000
2012-04-17 04:50,1.092833333,-0.001766667,1.094600000,-0.001766667
2012-04-17 04:49,1.059516667,-0.001783333,1.061300000,-0.001783333
2012-04-17 04:48,0.985283333,-0.001633333,0.986916667,-0.001633333
2012-04-17 04:47,0.991866667,-0.001566667,0.993433333,-0.001566667
2012-04-17 04:46,1.009466667,-0.001550000,1.011016667,-0.001550000
2012-04-17 04:45,0.929850000,-0.001416667,0.931266667,-0.001416667
2012-04-17 04:44,0.936650000,-0.001366667,0.938016667,-0.001366667
2012-04-17 04:43,0.930333333,-0.001416667,0.931750000,-0.001416667
2012-04-17 04:42,0.930783333,-0.001666667,0.932450000,-0.001666667
2012-04-17 04:41,0.979633333,-0.001600000,0.981233333,-0.001600000
2012-04-17 04:40,0.996400000,-0.001916667,0.998316667,-0.001916667
2012-04-17 04:39,0.997233333,-0.001783333,0.999016667,-0.001783333
2012-04-17 04:38,1.001516667,-0.001716667,1.003233333,-0.001716667
2012-04-17 04:37,0.970633333,-0.001783333,0.972416667,-0.001783333
2012-04-17 04:36,0.925066667,-0.001766667,0.926833333,-0.001766667
2012-04-17 04:35,0.929383333,-0.001716667,0.931100000,-0.001716667
2012-04-17 04:34,0.931500000,-0.001600000,0.933100000,-0.001600000
2012-04-17 04:33,0.926000000,-0.001533333,0.927533333,-0.001533333
2012-04-17 04:32,0.925283333,-0.001550000,0.926833333,-0.001550000
2012-04-17 04:31,0.925350000,-0.001583333,0.926933333,-0.001583333
2012-04-17 04:30,0.925500000,-0.001500000,0.927000000,-0.001500000
2012-04-17 04:29,0.926266667,-0.001333333,0.927600000,-0.001333333
2012-04-17 04:28,0.926666667,-0.001466667,0.928133333,-0.001466667
2012-04-17 04:27,0.927516667,-0.001500000,0.929016667,-0.001500000
2012-04-17 04:26,0.995366667,-0.001550000,0.996916667,-0.001550000
2012-04-17 04:25,0.997350000,-0.001600000,0.998950000,-0.001600000
2012-04-17 04:24,1.005750000,-0.001533333,1.007283333,-0.001533333
2012-04-17 04:23,1.008050000,-0.001633333,1.009683333,-0.001633333
2012-04-17 04:22,0.954150000,-0.001600000,0.955750000,-0.001600000
2012-04-17 04:21,0.929866667,-0.001700000,0.931566667,-0.001700000
2012-04-17 04:20,0.930100000,-0.001750000,0.931850000,-0.001750000
2012-04-17 04:19,0.959633333,-0.001633333,0.961266667,-0.001633333
2012-04-17 04:18,0.974716667,-0.001683333,0.976400000,-0.001683333
2012-04-17 04:17,0.975216667,-0.001783333,0.977000000,-0.001783333
2012-04-17 04:16,0.976850000,-0.001650000,0.978500000,-0.001650000
2012-04-17 04:15,0.978733333,-0.001866667,0.980600000,-0.001866667
2012-04-17 04:14,0.983350000,-0.001833333,0.985183333,-0.001833333
2012-04-17 04:13,0.979733333,-0.001850000,0.981583333,-0.001850000
2012-04-17 04:12,1.549866667,-0.000550000,1.550416667,-0.000550000
2012-04-17 04:11,1.286366667,-0.001200000,1.287566667,-0.001200000
2012-04-17 04:10,1.056916667,-0.001783333,1.058700000,-0.001783333
2012-04-17 04:09,1.060283333,-0.001716667,1.062000000,-0.001716667
2012-04-17 04:08,1.076700000,-0.001700000,1.078400000,-0.001700000
2012-04-17 04:07,0.997216667,-0.001733333,0.998950000,-0.001733333
2012-04-17 04:06,1.013433333,-0.001483333,1.014916667,-0.001483333
2012-04-17 04:05,1.016750000,-0.001633333,1.018383333,-0.001633333
2012-04-17 04:04,0.943233333,-0.001483333,0.944716667,-0.001483333
2012-04-17 04:03,0.931333333,-0.001516667,0.932850000,-0.001516667
2012-04-17 04:02,0.934633333,-0.001483333,0.936116667,-0.001483333
2012-04-17 04:01,0.932700000,-0.001716667,0.934416667,-0.001716667
2012-04-17 04:00,0.931816667,-0.001616667,0.933433333,-0.001616667
2012-04-17 03:59,0.931766667,-0.001716667,0.933483333,-0.001716667
2012-04-17 03:58,0.931766667,-0.001716667,0.933483333,-0.001716667
2012-04-17 03:57,0.965200000,-0.001683333,0.966883333,-0.001683333
2012-04-17 03:56,1.001133333,-0.001783333,1.002916667,-0.001783333
2012-04-17 03:55,1.000633333,-0.001800000,1.002433333,-0.001800000
2012-04-17 03:54,1.008750000,-0.001783333,1.010533333,-0.001783333
2012-04-17 03:53,0.995833333,-0.001816667,0.997650000,-0.001816667
2012-04-17 03:52,0.930650000,-0.001816667,0.932466667,-0.001816667
2012-04-17 03:51,0.930950000,-0.001633333,0.932583333,-0.001633333
2012-04-17 03:50,0.930450000,-0.001716667,0.932166667,-0.001716667
2012-04-17 03:49,0.926733333,-0.001766667,0.928500000,-0.001766667
2012-04-17 03:48,0.926183333,-0.001666667,0.927850000,-0.001666667
2012-04-17 03:47,0.980200000,-0.001750000,0.981950000,-0.001750000
2012-04-17 03:46,1.030583333,-0.001766667,1.032350000,-0.001766667
2012-04-17 03:45,1.031250000,-0.001866667,1.033116667,-0.001866667
2012-04-17 03:44,1.039466667,-0.001900000,1.041366667,-0.001900000
2012-04-17 03:43,1.031950000,-0.001883333,1.033833333,-0.001883333
2012-04-17 03:42,1.079666667,-0.001950000,1.081616667,-0.001950000
2012-04-17 03:41,1.101900000,-0.001816667,1.103716667,-0.001816667
2012-04-17 03:40,1.097416667,-0.001733333,1.099150000,-0.001733333
2012-04-17 03:39,1.100716667,-0.001850000,1.102566667,-0.001850000
2012-04-17 03:38,1.113433333,-0.001933333,1.115366667,-0.001933333
2012-04-17 03:37,1.076100000,-0.001866667,1.077966667,-0.001866667
2012-04-17 03:36,1.076550000,-0.001900000,1.078450000,-0.001900000
2012-04-17 03:35,1.077133333,-0.001816667,1.078950000,-0.001816667
2012-04-17 03:34,1.083550000,-0.001833333,1.085383333,-0.001833333
2012-04-17 03:33,1.079750000,-0.001916667,1.081666667,-0.001916667
2012-04-17 03:32,1.082316667,-0.001916667,1.084233333,-0.001916667
2012-04-17 03:31,1.081383333,-0.001933333,1.083316667,-0.001933333
2012-04-17 03:30,1.084350000,-0.001966667,1.086316667,-0.001966667
2012-04-17 03:29,1.088516667,-0.001950000,1.090466667,-0.001950000
2012-04-17 03:28,1.634566667,-0.000766667,1.635333333,-0.000766667
2012-04-17 03:27,1.410350000,-0.001383333,1.411733333,-0.001383333
2012-04-17 03:26,1.173216667,-0.001983333,1.175200000,-0.001983333
2012-04-17 03:25,1.141800000,-0.001950000,1.143750000,-0.001950000
2012-04-17 03:24,1.070133333,-0.001700000,1.071833333,-0.001700000
2012-04-17 03:23,0.956666667,-0.001733333,0.958400000,-0.001733333
2012-04-17 03:22,0.931433333,-0.001733333,0.933166667,-0.001733333
2012-04-17 03:21,0.931466667,-0.001700000,0.933166667,-0.001700000
2012-04-17 03:20,0.932816667,-0.001650000,0.934466667,-0.001650000
2012-04-17 03:19,0.931083333,-0.001783333,0.932866667,-0.001783333
2012-04-17 03:18,0.929083333,-0.001766667,0.930850000,-0.001766667
2012-04-17 03:17,0.929100000,-0.001783333,0.930883333,-0.001783333
2012-04-17 03:16,0.929150000,-0.001833333,0.930983333,-0.001833333
2012-04-17 03:15,0.928283333,-0.001816667,0.930100000,-0.001816667
2012-04-17 03:14,0.935450000,-0.001783333,0.937233333,-0.001783333
2012-04-17 03:13,0.955866667,-0.001916667,0.957783333,-0.001916667
2012-04-17 03:12,0.999766667,-0.001833333,1.001600000,-0.001833333
2012-04-17 03:11,0.997816667,-0.001800000,0.999616667,-0.001800000
2012-04-17 03:10,0.998750000,-0.001783333,1.000533333,-0.001783333
2012-04-17 03:09,1.003833333,-0.001566667,1.005400000,-0.001566667
2012-04-17 03:08,0.930100000,-0.001700000,0.931800000,-0.001700000
2012-04-17 03:07,0.929683333,-0.001866667,0.931550000,-0.001866667
2012-04-17 03:06,0.929800000,-0.001733333,0.931533333,-0.001733333
2012-04-17 03:05,0.928683333,-0.001716667,0.930400000,-0.001716667
2012-04-17 03:04,0.935566667,-0.001783333,0.937350000,-0.001783333
2012-04-17 03:03,0.928100000,-0.001716667,0.929816667,-0.001716667
2012-04-17 03:02,0.931883333,-0.001783333,0.933666667,-0.001783333
2012-04-17 03:01,0.927766667,-0.001783333,0.929550000,-0.001783333
2012-04-17 03:00,0.927233333,-0.001833333,0.929066667,-0.001833333
2012-04-17 02:59,0.926716667,-0.001750000,0.928466667,-0.001750000
2012-04-17 02:58,0.978933333,-0.001750000,0.980683333,-0.001750000
2012-04-17 02:57,1.040766667,-0.001833333,1.042600000,-0.001833333
2012-04-17 02:56,1.045416667,-0.001816667,1.047233333,-0.001816667
2012-04-17 02:55,1.050616667,-0.001816667,1.052433333,-0.001816667
2012-04-17 02:54,1.033366667,-0.001833333,1.035200000,-0.001833333
2012-04-17 02:53,0.976966667,-0.001850000,0.978816667,-0.001850000
2012-04-17 02:52,0.977350000,-0.001800000,0.979150000,-0.001800000
2012-04-17 02:51,0.978800000,-0.001816667,0.980616667,-0.001816667
2012-04-17 02:50,0.980683333,-0.001850000,0.982533333,-0.001850000
2012-04-17 02:49,0.981716667,-0.001816667,0.983533333,-0.001816667
2012-04-17 02:48,0.982900000,-0.001866667,0.984766667,-0.001866667
2012-04-17 02:47,0.989433333,-0.001783333,0.991216667,-0.001783333
2012-04-17 02:46,0.991550000,-0.001883333,0.993433333,-0.001883333
2012-04-17 02:45,1.710383333,-0.000350000,1.710733333,-0.000350000
2012-04-17 02:44,1.054783333,-0.001733333,1.056516667,-0.001733333
2012-04-17 02:43,1.074116667,-0.001916667,1.076033333,-0.001916667
2012-04-17 02:42,1.003333333,-0.001716667,1.005050000,-0.001716667
2012-04-17 02:41,1.003700000,-0.001883333,1.005583333,-0.001883333
2012-04-17 02:40,1.005816667,-0.001800000,1.007616667,-0.001800000
2012-04-17 02:39,0.953166667,-0.001833333,0.955000000,-0.001833333
2012-04-17 02:38,0.927616667,-0.001833333,0.929450000,-0.001833333
2012-04-17 02:37,0.927200000,-0.001733333,0.928933333,-0.001733333
2012-04-17 02:36,0.926850000,-0.001800000,0.928650000,-0.001800000
2012-04-17 02:35,0.927150000,-0.001766667,0.928916667,-0.001766667
2012-04-17 02:34,0.933133333,-0.001766667,0.934900000,-0.001766667
2012-04-17 02:33,0.928083333,-0.001850000,0.929933333,-0.001850000
2012-04-17 02:32,0.927316667,-0.001766667,0.929083333,-0.001766667
2012-04-17 02:31,0.927166667,-0.001833333,0.929000000,-0.001833333
2012-04-17 02:30,0.927000000,-0.001916667,0.928916667,-0.001916667
2012-04-17 02:29,0.945883333,-0.001766667,0.947650000,-0.001766667
2012-04-17 02:28,0.996466667,-0.001716667,0.998183333,-0.001716667
2012-04-17 02:27,1.109816667,-0.001933333,1.111750000,-0.001933333
2012-04-17 02:26,1.140766667,-0.001983333,1.142750000,-0.001983333
2012-04-17 02:25,1.146500000,-0.001866667,1.148366667,-0.001866667
2012-04-17 02:24,1.074866667,-0.001933333,1.076800000,-0.001933333
2012-04-17 02:23,1.072166667,-0.001933333,1.074100000,-0.001933333
2012-04-17 02:22,1.073100000,-0.001933333,1.075033333,-0.001933333
2012-04-17 02:21,1.038283333,-0.001866667,1.040150000,-0.001866667
2012-04-17 02:20,0.977316667,-0.001800000,0.979116667,-0.001800000
2012-04-17 02:19,1.024750000,-0.001866667,1.026616667,-0.001866667
2012-04-17 02:18,1.025233333,-0.001866667,1.027100000,-0.001866667
2012-04-17 02:17,1.024216667,-0.001916667,1.026133333,-0.001916667
2012-04-17 02:16,1.071466667,-0.001883333,1.073350000,-0.001883333
2012-04-17 02:15,1.072983333,-0.001966667,1.074950000,-0.001966667
2012-04-17 02:14,1.127216667,-0.001950000,1.129166667,-0.001950000
2012-04-17 02:13,1.145050000,-0.001916667,1.146966667,-0.001916667
2012-04-17 02:12,1.145466667,-0.001950000,1.147416667,-0.001950000
2012-04-17 02:11,1.149766667,-0.001983333,1.151750000,-0.001983333
2012-04-17 02:10,1.131016667,-0.001950000,1.132966667,-0.001950000
2012-04-17 02:09,1.078883333,-0.001966667,1.080850000,-0.001966667
2012-04-17 02:08,1.081433333,-0.001883333,1.083316667,-0.001883333
2012-04-17 02:07,1.084350000,-0.001966667,1.086316667,-0.001966667
2012-04-17 02:06,1.085983333,-0.001916667,1.087900000,-0.001916667
2012-04-17 02:05,1.089250000,-0.001883333,1.091133333,-0.001883333
2012-04-17 02:04,1.097850000,-0.001900000,1.099750000,-0.001900000
2012-04-17 02:03,1.094950000,-0.001950000,1.096900000,-0.001950000
2012-04-17 02:02,1.670466667,-0.000866667,1.671333333,-0.000866667
2012-04-17 02:01,1.220766667,-0.001583333,1.222350000,-0.001583333
2012-04-17 02:00,1.044916667,-0.001966667,1.046883333,-0.001966667
2012-04-17 01:59,1.109133333,-0.001966667,1.111100000,-0.001966667
2012-04-17 01:58,1.075850000,-0.001950000,1.077800000,-0.001950000
2012-04-17 01:57,0.996350000,-0.001850000,0.998200000,-0.001850000
2012-04-17 01:56,1.014950000,-0.001883333,1.016833333,-0.001883333
2012-04-17 01:55,0.926033333,-0.001933333,0.927966667,-0.001933333
2012-04-17 01:54,0.932350000,-0.001866667,0.934216667,-0.001866667
2012-04-17 01:53,0.926766667,-0.001833333,0.928600000,-0.001833333
2012-04-17 01:52,0.926016667,-0.001833333,0.927850000,-0.001833333
2012-04-17 01:51,0.926633333,-0.001866667,0.928500000,-0.001866667
2012-04-17 01:50,0.927333333,-0.001850000,0.929183333,-0.001850000
2012-04-17 01:49,0.926550000,-0.001883333,0.928433333,-0.001883333
2012-04-17 01:48,0.925783333,-0.001800000,0.927583333,-0.001800000
2012-04-17 01:47,0.930216667,-0.001833333,0.932050000,-0.001833333
2012-04-17 01:46,0.930950000,-0.001850000,0.932800000,-0.001850000
2012-04-17 01:45,0.983250000,-0.001616667,0.984866667,-0.001616667
2012-04-17 01:44,1.007250000,-0.001700000,1.008950000,-0.001700000
2012-04-17 01:43,1.000900000,-0.001700000,1.002600000,-0.001700000
2012-04-17 01:42,1.005950000,-0.001616667,1.007566667,-0.001616667
2012-04-17 01:41,0.974266667,-0.001716667,0.975983333,-0.001716667
2012-04-17 01:40,0.924983333,-0.001800000,0.926783333,-0.001800000
2012-04-17 01:39,0.925833333,-0.001950000,0.927783333,-0.001950000
2012-04-17 01:38,0.925316667,-0.001883333,0.927200000,-0.001883333
2012-04-17 01:37,0.925066667,-0.001866667,0.926933333,-0.001866667
2012-04-17 01:36,0.933500000,-0.001800000,0.935300000,-0.001800000
2012-04-17 01:35,0.972700000,-0.001766667,0.974466667,-0.001766667
2012-04-17 01:34,0.978600000,-0.001883333,0.980483333,-0.001883333
2012-04-17 01:33,0.975783333,-0.001866667,0.977650000,-0.001866667
2012-04-17 01:32,0.977833333,-0.001783333,0.979616667,-0.001783333
2012-04-17 01:31,1.000366667,-0.001783333,1.002150000,-0.001783333
2012-04-17 01:30,1.048966667,-0.001883333,1.050850000,-0.001883333
2012-04-17 01:29,1.048600000,-0.001833333,1.050433333,-0.001833333
2012-04-17 01:28,1.049016667,-0.001750000,1.050766667,-0.001750000
2012-04-17 01:27,1.062000000,-0.001733333,1.063733333,-0.001733333
2012-04-17 01:26,0.980800000,-0.001683333,0.982483333,-0.001683333
2012-04-17 01:25,0.982300000,-0.001866667,0.984166667,-0.001866667
2012-04-17 01:24,0.990116667,-0.001933333,0.992050000,-0.001933333
2012-04-17 01:23,0.988750000,-0.001950000,0.990700000,-0.001950000
2012-04-17 01:22,0.993216667,-0.001850000,0.995066667,-0.001850000
2012-04-17 01:21,0.962266667,-0.001816667,0.964083333,-0.001816667
2012-04-17 01:20,0.927433333,-0.001900000,0.929333333,-0.001900000
2012-04-17 01:19,1.218166667,-0.001283333,1.219450000,-0.001283333
2012-04-17 01:18,1.418066667,-0.000850000,1.418916667,-0.000850000
2012-04-17 01:17,0.924516667,-0.001816667,0.926333333,-0.001816667
2012-04-17 01:16,0.986450000,-0.001766667,0.988216667,-0.001766667
2012-04-17 01:15,0.997116667,-0.001766667,0.998883333,-0.001766667
2012-04-17 01:14,1.001333333,-0.001866667,1.003200000,-0.001866667
2012-04-17 01:13,1.001050000,-0.001633333,1.002683333,-0.001633333
2012-04-17 01:12,0.958316667,-0.001800000,0.960116667,-0.001800000
2012-04-17 01:11,0.924883333,-0.001733333,0.926616667,-0.001733333
2012-04-17 01:10,0.925383333,-0.001866667,0.927250000,-0.001866667
2012-04-17 01:09,0.923700000,-0.001966667,0.925666667,-0.001966667
2012-04-17 01:08,0.924816667,-0.001850000,0.926666667,-0.001850000
2012-04-17 01:07,0.926583333,-0.001850000,0.928433333,-0.001850000
2012-04-17 01:06,0.926416667,-0.001800000,0.928216667,-0.001800000
2012-04-17 01:05,0.929650000,-0.001900000,0.931550000,-0.001900000
2012-04-17 01:04,0.936250000,-0.001816667,0.938066667,-0.001816667
2012-04-17 01:03,0.930116667,-0.001850000,0.931966667,-0.001850000
2012-04-17 01:02,0.956616667,-0.001833333,0.958450000,-0.001833333
2012-04-17 01:01,1.001166667,-0.001850000,1.003016667,-0.001850000
2012-04-17 01:00,1.005883333,-0.001800000,1.007683333,-0.001800000
2012-04-17 00:59,1.004766667,-0.001733333,1.006500000,-0.001733333
2012-04-17 00:58,1.001733333,-0.001833333,1.003566667,-0.001833333
2012-04-17 00:57,0.931700000,-0.001816667,0.933516667,-0.001816667
2012-04-17 00:56,0.931783333,-0.001916667,0.933700000,-0.001916667
2012-04-17 00:55,0.954800000,-0.001850000,0.956650000,-0.001850000
2012-04-17 00:54,1.034716667,-0.001900000,1.036616667,-0.001900000
2012-04-17 00:53,1.078500000,-0.001883333,1.080383333,-0.001883333
2012-04-17 00:52,1.082333333,-0.001833333,1.084166667,-0.001833333
2012-04-17 00:51,1.086883333,-0.001933333,1.088816667,-0.001933333
2012-04-17 00:50,1.083200000,-0.001883333,1.085083333,-0.001883333
2012-04-17 00:49,1.085283333,-0.001900000,1.087183333,-0.001900000
2012-04-17 00:48,1.085716667,-0.001900000,1.087616667,-0.001900000
2012-04-17 00:47,1.157966667,-0.001883333,1.159850000,-0.001883333
2012-04-17 00:46,1.164533333,-0.001883333,1.166416667,-0.001883333
2012-04-17 00:45,1.167050000,-0.001900000,1.168950000,-0.001900000
2012-04-17 00:44,1.182783333,-0.001883333,1.184666667,-0.001883333
2012-04-17 00:43,1.129283333,-0.001866667,1.131150000,-0.001866667
2012-04-17 00:42,1.106616667,-0.002000000,1.108616667,-0.002000000
2012-04-17 00:41,1.112916667,-0.001900000,1.114816667,-0.001900000
2012-04-17 00:40,1.061300000,-0.001883333,1.063183333,-0.001883333
2012-04-17 00:39,1.037900000,-0.001966667,1.039866667,-0.001966667
2012-04-17 00:38,1.037883333,-0.001900000,1.039783333,-0.001900000
2012-04-17 00:37,1.038283333,-0.001933333,1.040216667,-0.001933333
2012-04-17 00:36,1.037533333,-0.001916667,1.039450000,-0.001916667
2012-04-17 00:35,1.744700000,-0.000650000,1.745350000,-0.000650000
2012-04-17 00:34,1.125633333,-0.001816667,1.127450000,-0.001816667
2012-04-17 00:33,1.086333333,-0.001983333,1.088316667,-0.001983333
2012-04-17 00:32,1.083366667,-0.001933333,1.085300000,-0.001933333
2012-04-17 00:31,1.005216667,-0.001816667,1.007033333,-0.001816667
2012-04-17 00:30,1.003916667,-0.001866667,1.005783333,-0.001866667
2012-04-17 00:29,0.998133333,-0.001866667,1.000000000,-0.001866667
2012-04-17 00:28,0.932333333,-0.001900000,0.934233333,-0.001900000
2012-04-17 00:27,0.933666667,-0.001933333,0.935600000,-0.001933333
2012-04-17 00:26,0.932050000,-0.001900000,0.933950000,-0.001900000
2012-04-17 00:25,0.930400000,-0.001816667,0.932216667,-0.001816667
2012-04-17 00:24,0.935266667,-0.001800000,0.937066667,-0.001800000
2012-04-17 00:23,0.929800000,-0.001866667,0.931666667,-0.001866667
2012-04-17 00:22,0.931133333,-0.001866667,0.933000000,-0.001866667
2012-04-17 00:21,0.931733333,-0.001783333,0.933516667,-0.001783333
2012-04-17 00:20,0.930866667,-0.001766667,0.932633333,-0.001766667
2012-04-17 00:19,0.938650000,-0.001800000,0.940450000,-0.001800000
2012-04-17 00:18,1.001333333,-0.001683333,1.003016667,-0.001683333
2012-04-17 00:17,0.998200000,-0.001633333,0.999833333,-0.001633333
2012-04-17 00:16,0.997533333,-0.001716667,0.999250000,-0.001716667
2012-04-17 00:15,1.021050000,-0.001650000,1.022700000,-0.001650000
2012-04-17 00:14,0.953016667,-0.001833333,0.954850000,-0.001833333
2012-04-17 00:13,0.975583333,-0.001816667,0.977400000,-0.001816667
2012-04-17 00:12,0.976750000,-0.001816667,0.978566667,-0.001816667
2012-04-17 00:11,0.977233333,-0.001966667,0.979200000,-0.001966667
2012-04-17 00:10,0.976866667,-0.001933333,0.978800000,-0.001933333
2012-04-17 00:09,0.978400000,-0.001916667,0.980316667,-0.001916667
2012-04-17 00:08,0.977916667,-0.001966667,0.979883333,-0.001966667
2012-04-17 00:07,0.981683333,-0.001983333,0.983666667,-0.001983333
2012-04-17 00:06,0.982416667,-0.001950000,0.984366667,-0.001950000
2012-04-17 00:05,0.983583333,-0.001950000,0.985533333,-0.001950000
2012-04-17 00:04,1.041233333,-0.001916667,1.043150000,-0.001916667
2012-04-17 00:03,1.056983333,-0.001900000,1.058883333,-0.001900000
2012-04-17 00:02,1.054683333,-0.001850000,1.056533333,-0.001850000
2012-04-17 00:01,1.064183333,-0.001750000,1.065933333,-0.001750000
2012-04-17 00:00,1.032233333,-0.001800000,1.034033333,-0.001800000
2012-04-16 23:59,0.954566667,-0.001750000,0.956316667,-0.001750000
